mean_fit_time,std_fit_time,mean_score_time,std_score_time,param_tfidf__sublinear_tf,param_tfidf__ngram_range,param_tfidf__min_df,param_tfidf__max_df,param_clf__penalty,param_clf__dual,param_clf__C,params,split0_test_score,split1_test_score,split2_test_score,split3_test_score,split4_test_score,mean_test_score,std_test_score,rank_test_score
19.169423246383666,0.1827207015558292,2.2645355224609376,0.035095649062067164,True,"(1, 3)",25,0.5,l1,False,0.001,"{'tfidf__sublinear_tf': True, 'tfidf__ngram_range': (1, 3), 'tfidf__min_df': 25, 'tfidf__max_df': 0.5, 'clf__penalty': 'l1', 'clf__dual': False, 'clf__C': 0.001}",0.08639652677279305,0.08639652677279305,0.08642779587404995,0.08654124457308249,0.08642779587404995,0.0864379779733537,5.3493448136844986e-05,185
23.74475736618042,0.22604629494955517,2.4166750431060793,0.15298037797485342,True,"(1, 3)",100,0.8,l2,False,10.0,"{'tfidf__sublinear_tf': True, 'tfidf__ngram_range': (1, 3), 'tfidf__min_df': 100, 'tfidf__max_df': 0.8, 'clf__penalty': 'l2', 'clf__dual': False, 'clf__C': 10}",0.6498058066121116,0.6399326309354848,0.62788145978092,0.6616075848561379,0.6530280356163717,0.6464511035602052,0.0115892290387293,150
18.709867429733276,0.12930261465258375,2.158024549484253,0.06293186225720093,True,"(1, 3)",100,0.5,l1,False,0.1,"{'tfidf__sublinear_tf': True, 'tfidf__ngram_range': (1, 3), 'tfidf__min_df': 100, 'tfidf__max_df': 0.5, 'clf__penalty': 'l1', 'clf__dual': False, 'clf__C': 0.1}",0.6345268432120464,0.6419745326771747,0.6370669202203363,0.6405600563022308,0.6755094621829899,0.6459275629189556,0.015020071493229283,151
9.803671312332153,0.1209385485310532,1.6819019317626953,0.030449888055736875,True,"(1, 2)",5,0.8,l1,False,0.001,"{'tfidf__sublinear_tf': True, 'tfidf__ngram_range': (1, 2), 'tfidf__min_df': 5, 'tfidf__max_df': 0.8, 'clf__penalty': 'l1', 'clf__dual': False, 'clf__C': 0.001}",0.08639652677279305,0.08639652677279305,0.08642779587404995,0.08654124457308249,0.08642779587404995,0.0864379779733537,5.3493448136844986e-05,185
73.64354248046875,0.7381558744196463,2.1396457672119142,0.05768610460636547,True,"(1, 3)",100,0.6,l1,False,10.0,"{'tfidf__sublinear_tf': True, 'tfidf__ngram_range': (1, 3), 'tfidf__min_df': 100, 'tfidf__max_df': 0.6, 'clf__penalty': 'l1', 'clf__dual': False, 'clf__C': 10}",0.6448510287331852,0.6576942856296581,0.6355573512668543,0.6585834092071214,0.665527869061639,0.6524427887796918,0.01076343425666407,141
78.2263310432434,0.36811033698083573,1.5447147846221925,0.044585426964776444,True,"(1, 2)",10,0.9,l1,False,1000.0,"{'tfidf__sublinear_tf': True, 'tfidf__ngram_range': (1, 2), 'tfidf__min_df': 10, 'tfidf__max_df': 0.9, 'clf__penalty': 'l1', 'clf__dual': False, 'clf__C': 1000}",0.7035245701082767,0.710510817440194,0.7110545755402253,0.7036442554393909,0.7146202249082756,0.7086708886872726,0.0043866510922235934,84
19.564107608795165,0.1528297270685298,2.6123878002166747,0.15044790615369621,True,"(1, 3)",5,0.9,l2,False,0.001,"{'tfidf__sublinear_tf': True, 'tfidf__ngram_range': (1, 3), 'tfidf__min_df': 5, 'tfidf__max_df': 0.9, 'clf__penalty': 'l2', 'clf__dual': False, 'clf__C': 0.001}",0.2263652011086595,0.22213979871742398,0.2231372748353213,0.22621176591851988,0.22806964830311136,0.2251847377766072,0.002201578869748424,178
23.460555744171142,0.6098236754845313,2.229487991333008,0.10283681495043524,True,"(1, 3)",25,0.5,l1,False,0.5,"{'tfidf__sublinear_tf': True, 'tfidf__ngram_range': (1, 3), 'tfidf__min_df': 25, 'tfidf__max_df': 0.5, 'clf__penalty': 'l1', 'clf__dual': False, 'clf__C': 0.5}",0.7213578668322549,0.7281505911450303,0.7218897529782481,0.7272045680341476,0.7513945642899723,0.7299994686559307,0.0110401513139771,14
12.77673406600952,0.4237255990969557,1.6904447555541993,0.24444554455720235,True,"(1, 2)",100,0.5,l2,False,5.0,"{'tfidf__sublinear_tf': True, 'tfidf__ngram_range': (1, 2), 'tfidf__min_df': 100, 'tfidf__max_df': 0.5, 'clf__penalty': 'l2', 'clf__dual': False, 'clf__C': 5}",0.6546613670235395,0.6456350995341834,0.6308060822330589,0.666399312235961,0.657468770622686,0.6509941263298857,0.012074483164729692,142
74.75110521316529,0.8719377506882955,1.6225451946258544,0.04130189629370035,True,"(1, 2)",5,0.8,l1,False,1000.0,"{'tfidf__sublinear_tf': True, 'tfidf__ngram_range': (1, 2), 'tfidf__min_df': 5, 'tfidf__max_df': 0.8, 'clf__penalty': 'l1', 'clf__dual': False, 'clf__C': 1000}",0.7162128764046274,0.723731409619475,0.7037406278344025,0.7161176497377582,0.7159971102069933,0.7151599347606513,0.006428024871486929,63
17.206245374679565,0.2320169800273533,2.320141839981079,0.1208366430952703,True,"(1, 3)",25,0.9,l1,False,0.001,"{'tfidf__sublinear_tf': True, 'tfidf__ngram_range': (1, 3), 'tfidf__min_df': 25, 'tfidf__max_df': 0.9, 'clf__penalty': 'l1', 'clf__dual': False, 'clf__C': 0.001}",0.08639652677279305,0.08639652677279305,0.08642779587404995,0.08654124457308249,0.08642779587404995,0.0864379779733537,5.3493448136844986e-05,185
13.830031776428223,0.37357072458446144,1.7694666385650635,0.16558510664228926,True,"(1, 2)",10,0.7,l2,False,1.0,"{'tfidf__sublinear_tf': True, 'tfidf__ngram_range': (1, 2), 'tfidf__min_df': 10, 'tfidf__max_df': 0.7, 'clf__penalty': 'l2', 'clf__dual': False, 'clf__C': 1}",0.7215179741013701,0.7160093851573404,0.7017135924957043,0.7156575419899021,0.7355759283292513,0.7180948844147137,0.01091733584286002,55
35.71939282417297,2.2670761447699075,2.1910197734832764,0.05002078884678937,True,"(1, 3)",25,0.9,l1,False,1.0,"{'tfidf__sublinear_tf': True, 'tfidf__ngram_range': (1, 3), 'tfidf__min_df': 25, 'tfidf__max_df': 0.9, 'clf__penalty': 'l1', 'clf__dual': False, 'clf__C': 1}",0.7360743422466057,0.7410450028630706,0.7279464739217277,0.742034316550258,0.7531647620509451,0.7400529795265214,0.008236815892487882,5
12.956607007980347,0.45644748193487045,1.7857987880706787,0.2145323710179412,True,"(1, 2)",25,0.6,l2,False,1000.0,"{'tfidf__sublinear_tf': True, 'tfidf__ngram_range': (1, 2), 'tfidf__min_df': 25, 'tfidf__max_df': 0.6, 'clf__penalty': 'l2', 'clf__dual': False, 'clf__C': 1000}",0.6916001669492235,0.689266264771833,0.6798134944934738,0.6945549464880455,0.7087760775882844,0.692802190058172,0.009390325634231988,107
101.11684546470642,0.815055360006942,2.3124492168426514,0.09667877034963913,True,"(1, 3)",50,0.6,l1,False,1000.0,"{'tfidf__sublinear_tf': True, 'tfidf__ngram_range': (1, 3), 'tfidf__min_df': 50, 'tfidf__max_df': 0.6, 'clf__penalty': 'l1', 'clf__dual': False, 'clf__C': 1000}",0.6713951308694176,0.6843404487783642,0.6649364566993587,0.6807442599445617,0.6860927478439505,0.6775018088271306,0.008077924344735777,129
23.750129556655885,0.4717621928439027,2.5927793979644775,0.1872437010329527,True,"(1, 3)",5,0.7,l1,False,0.5,"{'tfidf__sublinear_tf': True, 'tfidf__ngram_range': (1, 3), 'tfidf__min_df': 5, 'tfidf__max_df': 0.7, 'clf__penalty': 'l1', 'clf__dual': False, 'clf__C': 0.5}",0.7144331179114433,0.7182738968066721,0.7134398863914362,0.7171541860557131,0.7452493678439643,0.7217100910018457,0.011899679628725497,36
97.71629176139831,0.8485928949860289,1.5688345432281494,0.07125029767822841,True,"(1, 2)",100,0.9,l1,False,1000.0,"{'tfidf__sublinear_tf': True, 'tfidf__ngram_range': (1, 2), 'tfidf__min_df': 100, 'tfidf__max_df': 0.9, 'clf__penalty': 'l1', 'clf__dual': False, 'clf__C': 1000}",0.6403339322934405,0.6555964814151874,0.6328703211429383,0.6486627079865936,0.6446913099387751,0.6444309505553869,0.007656087099778119,152
38.014648580551146,1.7949772406594728,2.093703269958496,0.24957966587459177,True,"(1, 2)",5,0.8,l2,False,100.0,"{'tfidf__sublinear_tf': True, 'tfidf__ngram_range': (1, 2), 'tfidf__min_df': 5, 'tfidf__max_df': 0.8, 'clf__penalty': 'l2', 'clf__dual': False, 'clf__C': 100}",0.7168797703457781,0.7130518317750509,0.7068535932672537,0.722608838190478,0.7353070655413914,0.7189402198239904,0.009657510101939396,49
16.04336795806885,0.17788767421383536,1.923608160018921,0.1722830011511438,True,"(1, 2)",5,0.7,l2,False,0.5,"{'tfidf__sublinear_tf': True, 'tfidf__ngram_range': (1, 2), 'tfidf__min_df': 5, 'tfidf__max_df': 0.7, 'clf__penalty': 'l2', 'clf__dual': False, 'clf__C': 0.5}",0.724177780027816,0.7128467631686346,0.7061595292972049,0.7214902828668045,0.7404351648009374,0.7210219040322794,0.011617028334388841,39
31.1125346660614,1.5170052483128598,1.3959238529205322,0.043046148536365264,True,"(1, 2)",100,0.7,l1,False,1.0,"{'tfidf__sublinear_tf': True, 'tfidf__ngram_range': (1, 2), 'tfidf__min_df': 100, 'tfidf__max_df': 0.7, 'clf__penalty': 'l1', 'clf__dual': False, 'clf__C': 1}",0.7037030352694862,0.7014183822726203,0.6859919740180802,0.7198158959398954,0.72879768731695,0.7079453949634065,0.014955126823076082,89
9.283562994003296,0.11449293380458939,1.416846513748169,0.03502953027964812,True,"(1, 2)",50,0.7,l1,False,0.001,"{'tfidf__sublinear_tf': True, 'tfidf__ngram_range': (1, 2), 'tfidf__min_df': 50, 'tfidf__max_df': 0.7, 'clf__penalty': 'l1', 'clf__dual': False, 'clf__C': 0.001}",0.08639652677279305,0.08639652677279305,0.08642779587404995,0.08654124457308249,0.08642779587404995,0.0864379779733537,5.3493448136844986e-05,185
15.521862506866455,0.5725949320520705,1.6210407257080077,0.15605864889585733,True,"(1, 2)",50,0.6,l2,False,10.0,"{'tfidf__sublinear_tf': True, 'tfidf__ngram_range': (1, 2), 'tfidf__min_df': 50, 'tfidf__max_df': 0.6, 'clf__penalty': 'l2', 'clf__dual': False, 'clf__C': 10}",0.6721687373141096,0.6699989202294349,0.6599856928987355,0.6779719909112655,0.6840246418174194,0.6728299966341929,0.008064596479309327,135
20.72260022163391,0.37133613762446505,2.39292573928833,0.15502330845697146,True,"(1, 3)",50,0.7,l2,False,1.0,"{'tfidf__sublinear_tf': True, 'tfidf__ngram_range': (1, 3), 'tfidf__min_df': 50, 'tfidf__max_df': 0.7, 'clf__penalty': 'l2', 'clf__dual': False, 'clf__C': 1}",0.7065794631071358,0.7071669952754249,0.6799164672325282,0.7038646564383649,0.7208391422586331,0.7036733448624173,0.013264550889865369,92
14.161569213867187,0.09166965670846991,1.5538211345672608,0.15010951326600708,True,"(1, 2)",100,0.7,l2,False,10.0,"{'tfidf__sublinear_tf': True, 'tfidf__ngram_range': (1, 2), 'tfidf__min_df': 100, 'tfidf__max_df': 0.7, 'clf__penalty': 'l2', 'clf__dual': False, 'clf__C': 10}",0.6453008442664938,0.6351427038043566,0.6256078249183945,0.6605781222425607,0.6493471485067801,0.6431953287477171,0.011988366452999803,155
15.214685106277466,0.37823775022006606,1.6730772495269775,0.19196826791164587,True,"(1, 2)",100,0.9,l2,False,10.0,"{'tfidf__sublinear_tf': True, 'tfidf__ngram_range': (1, 2), 'tfidf__min_df': 100, 'tfidf__max_df': 0.9, 'clf__penalty': 'l2', 'clf__dual': False, 'clf__C': 10}",0.640803698455856,0.6384356929588738,0.62504657250796,0.6599748851220555,0.6528215117171727,0.6434164721523837,0.01209730358385212,154
13.906890296936036,0.18806425286838727,1.6630722999572753,0.13909737553708967,True,"(1, 2)",10,0.8,l2,False,0.5,"{'tfidf__sublinear_tf': True, 'tfidf__ngram_range': (1, 2), 'tfidf__min_df': 10, 'tfidf__max_df': 0.8, 'clf__penalty': 'l2', 'clf__dual': False, 'clf__C': 0.5}",0.7202520217333875,0.7153679310137108,0.7067552996379223,0.719373296346693,0.7427623463013833,0.7209021790066193,0.011928027477687208,41
9.181289148330688,0.39302888811346215,1.334018087387085,0.03725120161599479,True,"(1, 2)",100,0.8,l1,False,0.001,"{'tfidf__sublinear_tf': True, 'tfidf__ngram_range': (1, 2), 'tfidf__min_df': 100, 'tfidf__max_df': 0.8, 'clf__penalty': 'l1', 'clf__dual': False, 'clf__C': 0.001}",0.08639652677279305,0.08639652677279305,0.08642779587404995,0.08654124457308249,0.08642779587404995,0.0864379779733537,5.3493448136844986e-05,185
11.563376331329346,0.2544386674651091,1.4713773727416992,0.12388549460388183,True,"(1, 2)",100,0.9,l2,False,0.5,"{'tfidf__sublinear_tf': True, 'tfidf__ngram_range': (1, 2), 'tfidf__min_df': 100, 'tfidf__max_df': 0.9, 'clf__penalty': 'l2', 'clf__dual': False, 'clf__C': 0.5}",0.6984734986052881,0.6994952979219928,0.6726172874588043,0.7043497874283567,0.7079735457081349,0.6965818834245153,0.01246176836586966,98
24.00821762084961,0.6212602296566792,2.7076128005981444,0.3272573203423967,True,"(1, 3)",5,0.5,l2,False,1000.0,"{'tfidf__sublinear_tf': True, 'tfidf__ngram_range': (1, 3), 'tfidf__min_df': 5, 'tfidf__max_df': 0.5, 'clf__penalty': 'l2', 'clf__dual': False, 'clf__C': 1000}",0.7214037475287095,0.7226628807331251,0.7076844395851554,0.7321011842893451,0.7316168542274002,0.7230938212727471,0.008879929980148974,33
59.88890600204468,0.5865828680591713,1.4061591625213623,0.03588860707136267,True,"(1, 2)",50,0.9,l1,False,10.0,"{'tfidf__sublinear_tf': True, 'tfidf__ngram_range': (1, 2), 'tfidf__min_df': 50, 'tfidf__max_df': 0.9, 'clf__penalty': 'l1', 'clf__dual': False, 'clf__C': 10}",0.6752481775768147,0.6879134289984108,0.6867010611782776,0.6844436424346603,0.7020299998759839,0.6872672620128294,0.008615193121187595,122
64.40591497421265,0.7331466720421268,2.3072710037231445,0.09460264593087442,True,"(1, 3)",10,0.7,l1,False,5.0,"{'tfidf__sublinear_tf': True, 'tfidf__ngram_range': (1, 3), 'tfidf__min_df': 10, 'tfidf__max_df': 0.7, 'clf__penalty': 'l1', 'clf__dual': False, 'clf__C': 5}",0.7120628897662599,0.7280688990816063,0.7033533345268722,0.7261413579283194,0.7411853951446828,0.7221623752895482,0.013178575285680586,35
55.927413845062254,0.7325242184000348,1.6255958080291748,0.0485812917810689,True,"(1, 2)",5,0.6,l1,False,100.0,"{'tfidf__sublinear_tf': True, 'tfidf__ngram_range': (1, 2), 'tfidf__min_df': 5, 'tfidf__max_df': 0.6, 'clf__penalty': 'l1', 'clf__dual': False, 'clf__C': 100}",0.7052137257025404,0.7213786564597264,0.6939794791332574,0.713726327525869,0.7291419022222086,0.7126880182087204,0.012273630769933689,75
21.69563236236572,0.29403166357308397,2.423409652709961,0.10271733175756685,True,"(1, 3)",10,0.6,l1,False,0.5,"{'tfidf__sublinear_tf': True, 'tfidf__ngram_range': (1, 3), 'tfidf__min_df': 10, 'tfidf__max_df': 0.6, 'clf__penalty': 'l1', 'clf__dual': False, 'clf__C': 0.5}",0.7258903488486517,0.7248289563708002,0.7203551176726152,0.724834789175065,0.7496302072575528,0.729107883864937,0.010437411209282418,18
20.193833112716675,0.7293378193354557,1.8459482192993164,0.14910551498777902,True,"(1, 2)",5,0.8,l2,False,5.0,"{'tfidf__sublinear_tf': True, 'tfidf__ngram_range': (1, 2), 'tfidf__min_df': 5, 'tfidf__max_df': 0.8, 'clf__penalty': 'l2', 'clf__dual': False, 'clf__C': 5}",0.7230528304675852,0.7148883325249612,0.7024226662677698,0.7236884910245036,0.734560379157407,0.7197225398884454,0.010673671027825049,44
69.43575539588929,0.8231021519445381,2.3766717433929445,0.10034783074686403,True,"(1, 3)",25,0.6,l1,False,5.0,"{'tfidf__sublinear_tf': True, 'tfidf__ngram_range': (1, 3), 'tfidf__min_df': 25, 'tfidf__max_df': 0.6, 'clf__penalty': 'l1', 'clf__dual': False, 'clf__C': 5}",0.6980377801104213,0.7135463867394414,0.6965631209111857,0.7066088251760818,0.7258255733657889,0.7081163372605839,0.010774313859385695,86
64.67991361618041,1.318859126471673,2.388458728790283,0.06670173692292526,True,"(1, 3)",25,0.9,l1,False,10.0,"{'tfidf__sublinear_tf': True, 'tfidf__ngram_range': (1, 3), 'tfidf__min_df': 25, 'tfidf__max_df': 0.9, 'clf__penalty': 'l1', 'clf__dual': False, 'clf__C': 10}",0.6878250656702299,0.7138190259723368,0.6904828025283347,0.7023203973645678,0.7325725863276,0.7054039755726138,0.016432373027194937,90
19.851083612442018,0.51233868336414,1.710676383972168,0.22916753350166372,True,"(1, 2)",10,0.6,l2,False,10.0,"{'tfidf__sublinear_tf': True, 'tfidf__ngram_range': (1, 2), 'tfidf__min_df': 10, 'tfidf__max_df': 0.6, 'clf__penalty': 'l2', 'clf__dual': False, 'clf__C': 10}",0.7090759841445793,0.7048310167791436,0.6935942110891153,0.7095282203187288,0.7234193714758207,0.7080897607614776,0.009578926242109246,87
13.010679531097413,0.6861077096842898,1.9029518127441407,0.17234103188488298,True,"(1, 2)",5,0.7,l2,False,0.1,"{'tfidf__sublinear_tf': True, 'tfidf__ngram_range': (1, 2), 'tfidf__min_df': 5, 'tfidf__max_df': 0.7, 'clf__penalty': 'l2', 'clf__dual': False, 'clf__C': 0.1}",0.6777020383134745,0.6667095351975099,0.6645830622115636,0.6662337457036854,0.6808752063083772,0.671220717546922,0.006700683470063378,137
21.448679637908935,0.9280540014456523,2.419885587692261,0.19958952845999112,True,"(1, 3)",25,0.5,l2,False,0.5,"{'tfidf__sublinear_tf': True, 'tfidf__ngram_range': (1, 3), 'tfidf__min_df': 25, 'tfidf__max_df': 0.5, 'clf__penalty': 'l2', 'clf__dual': False, 'clf__C': 0.5}",0.714080259083716,0.7139220022523574,0.7030226686806318,0.7095093469538996,0.7311652753826973,0.7143399104706605,0.009324690624018575,69
65.88326005935669,1.3834733563469803,2.460154104232788,0.11817450730128158,True,"(1, 3)",10,0.9,l1,False,5.0,"{'tfidf__sublinear_tf': True, 'tfidf__ngram_range': (1, 3), 'tfidf__min_df': 10, 'tfidf__max_df': 0.9, 'clf__penalty': 'l1', 'clf__dual': False, 'clf__C': 5}",0.7125885836657118,0.7258004915234162,0.7086279727346401,0.717338867547769,0.7373494919819649,0.7203410814907004,0.01025087911509599,42
15.814064741134644,0.4886694935798448,1.501606273651123,0.03417537243886938,True,"(1, 2)",25,0.9,l1,False,0.5,"{'tfidf__sublinear_tf': True, 'tfidf__ngram_range': (1, 2), 'tfidf__min_df': 25, 'tfidf__max_df': 0.9, 'clf__penalty': 'l1', 'clf__dual': False, 'clf__C': 0.5}",0.7298501548021143,0.7308270110385348,0.7203218763750725,0.7283738266130148,0.7591695498501858,0.7337084837357845,0.013259828792218195,6
10.06662073135376,0.03759989925857658,1.627241039276123,0.08336308475280058,True,"(1, 2)",25,0.9,l2,False,0.001,"{'tfidf__sublinear_tf': True, 'tfidf__ngram_range': (1, 2), 'tfidf__min_df': 25, 'tfidf__max_df': 0.9, 'clf__penalty': 'l2', 'clf__dual': False, 'clf__C': 0.001}",0.22518009091471464,0.22186597630190183,0.22414626868010207,0.22759536930240504,0.23043106580325276,0.22584375420047526,0.002941299245755455,177
23.919365787506102,1.1495892681671238,2.396105432510376,0.14124341105594956,True,"(1, 3)",25,0.8,l1,False,0.5,"{'tfidf__sublinear_tf': True, 'tfidf__ngram_range': (1, 3), 'tfidf__min_df': 25, 'tfidf__max_df': 0.8, 'clf__penalty': 'l1', 'clf__dual': False, 'clf__C': 0.5}",0.7224540570146056,0.7311657218710442,0.7216520953740817,0.7291657153323914,0.7526263969119285,0.7314127973008103,0.011230828657937307,11
18.670818424224855,0.665847316396988,2.5071433544158936,0.2877744890323641,True,"(1, 3)",10,0.6,l1,False,0.001,"{'tfidf__sublinear_tf': True, 'tfidf__ngram_range': (1, 3), 'tfidf__min_df': 10, 'tfidf__max_df': 0.6, 'clf__penalty': 'l1', 'clf__dual': False, 'clf__C': 0.001}",0.08639652677279305,0.08639652677279305,0.08642779587404995,0.08654124457308249,0.08642779587404995,0.0864379779733537,5.3493448136844986e-05,185
20.962701320648193,0.23880164681711577,2.35090651512146,0.11528273054537622,True,"(1, 3)",50,0.8,l2,False,1000.0,"{'tfidf__sublinear_tf': True, 'tfidf__ngram_range': (1, 3), 'tfidf__min_df': 50, 'tfidf__max_df': 0.8, 'clf__penalty': 'l2', 'clf__dual': False, 'clf__C': 1000}",0.6735496255179972,0.6758368241131214,0.660937438551997,0.6797868860031412,0.6879740886071263,0.6756169725586766,0.008830599892589835,131
20.325636291503905,1.0971725979802291,2.532294273376465,0.18935270013785027,True,"(1, 3)",5,0.9,l1,False,0.1,"{'tfidf__sublinear_tf': True, 'tfidf__ngram_range': (1, 3), 'tfidf__min_df': 5, 'tfidf__max_df': 0.9, 'clf__penalty': 'l1', 'clf__dual': False, 'clf__C': 0.1}",0.6060979097594089,0.6092734168428672,0.620979549780061,0.616417125543721,0.6533239625012838,0.6212183928854684,0.016883058236561676,169
14.760219955444336,0.6482116618444496,1.4495608806610107,0.04193146204735362,True,"(1, 2)",50,0.6,l1,False,0.5,"{'tfidf__sublinear_tf': True, 'tfidf__ngram_range': (1, 2), 'tfidf__min_df': 50, 'tfidf__max_df': 0.6, 'clf__penalty': 'l1', 'clf__dual': False, 'clf__C': 0.5}",0.7301505115813789,0.7229902735410594,0.7152301310753577,0.7288361510952153,0.7504277108748949,0.7295269556335813,0.011703290202459143,16
17.84442467689514,0.5053075687604259,2.6411845684051514,0.1657538566919228,True,"(1, 3)",5,0.7,l2,False,0.001,"{'tfidf__sublinear_tf': True, 'tfidf__ngram_range': (1, 3), 'tfidf__min_df': 5, 'tfidf__max_df': 0.7, 'clf__penalty': 'l2', 'clf__dual': False, 'clf__C': 0.001}",0.2261409858620227,0.22166105407323694,0.22232241465188865,0.22525240413439168,0.2275331599545006,0.22458200373520812,0.0022461912096189644,179
33.26870250701904,3.462885758657569,1.9966609954833985,0.27501165809654354,True,"(1, 2)",5,0.7,l2,False,100.0,"{'tfidf__sublinear_tf': True, 'tfidf__ngram_range': (1, 2), 'tfidf__min_df': 5, 'tfidf__max_df': 0.7, 'clf__penalty': 'l2', 'clf__dual': False, 'clf__C': 100}",0.7182447908860886,0.71040783880174,0.7063624588744053,0.7238083655319345,0.7338108112456121,0.7185268530679562,0.009751555663677977,52
65.33627820014954,1.060019292112247,2.649299669265747,0.153251522245547,True,"(1, 3)",5,0.5,l1,False,5.0,"{'tfidf__sublinear_tf': True, 'tfidf__ngram_range': (1, 3), 'tfidf__min_df': 5, 'tfidf__max_df': 0.5, 'clf__penalty': 'l1', 'clf__dual': False, 'clf__C': 5}",0.7208850635729023,0.7362875358094544,0.7175537504563367,0.73412814436818,0.7497896378892562,0.731728826419226,0.011586642655244846,10
65.7389558315277,1.154678600237523,2.605026388168335,0.23864404893833194,True,"(1, 3)",5,0.9,l1,False,5.0,"{'tfidf__sublinear_tf': True, 'tfidf__ngram_range': (1, 3), 'tfidf__min_df': 5, 'tfidf__max_df': 0.9, 'clf__penalty': 'l1', 'clf__dual': False, 'clf__C': 5}",0.7172519969677806,0.7348421884469052,0.7193776411552849,0.7333273730738272,0.7445704774661052,0.7298739354219806,0.010218450386083653,15
14.933199024200439,0.30852601297856413,1.8010007381439208,0.15977329710489752,True,"(1, 2)",5,0.5,l2,False,1.0,"{'tfidf__sublinear_tf': True, 'tfidf__ngram_range': (1, 2), 'tfidf__min_df': 5, 'tfidf__max_df': 0.5, 'clf__penalty': 'l2', 'clf__dual': False, 'clf__C': 1}",0.7173703986243716,0.7185613671191902,0.7078260037853882,0.7212599526559382,0.7333856890865864,0.7196806822542948,0.008215168722530176,45
34.10063834190369,1.0975272871325186,2.4947957515716555,0.06029703323708676,True,"(1, 3)",10,0.9,l1,False,1.0,"{'tfidf__sublinear_tf': True, 'tfidf__ngram_range': (1, 3), 'tfidf__min_df': 10, 'tfidf__max_df': 0.9, 'clf__penalty': 'l1', 'clf__dual': False, 'clf__C': 1}",0.7469959284582959,0.747480939542406,0.7338918707518309,0.7537167975912774,0.759834735946923,0.7483840544581466,0.008629277545675022,1
10.60595736503601,0.11602180117338283,1.6108055114746094,0.06836926464880881,True,"(1, 2)",10,0.6,l2,False,0.001,"{'tfidf__sublinear_tf': True, 'tfidf__ngram_range': (1, 2), 'tfidf__min_df': 10, 'tfidf__max_df': 0.6, 'clf__penalty': 'l2', 'clf__dual': False, 'clf__C': 0.001}",0.22434813384537886,0.2187431231409981,0.22299362118812702,0.22525240413439168,0.22655912786268412,0.22357928203431596,0.002683333124983018,182
85.18618359565735,1.0036404497416456,1.472834539413452,0.04192986734248812,True,"(1, 2)",25,0.8,l1,False,1000.0,"{'tfidf__sublinear_tf': True, 'tfidf__ngram_range': (1, 2), 'tfidf__min_df': 25, 'tfidf__max_df': 0.8, 'clf__penalty': 'l1', 'clf__dual': False, 'clf__C': 1000}",0.681488352331612,0.7027666466256977,0.6879541292157155,0.6867365058232829,0.6979189559884702,0.6913729179969557,0.007791748692292017,114
17.095878839492798,0.22308233053166113,2.203467512130737,0.09253665069341709,True,"(1, 3)",100,0.6,l2,False,0.001,"{'tfidf__sublinear_tf': True, 'tfidf__ngram_range': (1, 3), 'tfidf__min_df': 100, 'tfidf__max_df': 0.6, 'clf__penalty': 'l2', 'clf__dual': False, 'clf__C': 0.001}",0.2312322401930122,0.22442689634229246,0.22731115666764284,0.23229070364663587,0.23363175699787314,0.2297785507694913,0.003405864413585379,173
21.50974907875061,0.3782773981016218,2.470785903930664,0.12782452672651953,True,"(1, 3)",50,0.5,l2,False,5.0,"{'tfidf__sublinear_tf': True, 'tfidf__ngram_range': (1, 3), 'tfidf__min_df': 50, 'tfidf__max_df': 0.5, 'clf__penalty': 'l2', 'clf__dual': False, 'clf__C': 5}",0.6757969033844387,0.6804280810564196,0.6639153489698012,0.685496742369385,0.6940528577959821,0.6799379867152053,0.010042340703102205,126
28.24221525192261,2.3351360238332473,1.825825023651123,0.18899221194780652,True,"(1, 2)",10,0.8,l2,False,100.0,"{'tfidf__sublinear_tf': True, 'tfidf__ngram_range': (1, 2), 'tfidf__min_df': 10, 'tfidf__max_df': 0.8, 'clf__penalty': 'l2', 'clf__dual': False, 'clf__C': 100}",0.7092299070114586,0.7043610859879108,0.6952202403099592,0.7064859107471811,0.7250240597405571,0.7080642407594133,0.00969708271717956,88
13.442287397384643,0.4793953833681824,1.5210745811462403,0.06408629677456076,True,"(1, 2)",25,0.8,l2,False,0.5,"{'tfidf__sublinear_tf': True, 'tfidf__ngram_range': (1, 2), 'tfidf__min_df': 25, 'tfidf__max_df': 0.8, 'clf__penalty': 'l2', 'clf__dual': False, 'clf__C': 0.5}",0.7185990497698923,0.7119003841493755,0.7006696605967202,0.7178892858643572,0.7311450068026906,0.716040677436607,0.009914772563305533,60
60.760865211486816,0.49826191628605504,2.5337615489959715,0.11136730488236626,True,"(1, 3)",5,0.8,l1,False,10.0,"{'tfidf__sublinear_tf': True, 'tfidf__ngram_range': (1, 3), 'tfidf__min_df': 5, 'tfidf__max_df': 0.8, 'clf__penalty': 'l1', 'clf__dual': False, 'clf__C': 10}",0.7161221188344362,0.7332635193642013,0.7195364249914501,0.7237507748184548,0.7391183275893155,0.7263582331195717,0.00858623234701206,23
70.18551297187805,0.9821067163370377,2.4902886390686034,0.06648107721874681,True,"(1, 3)",25,0.8,l1,False,100.0,"{'tfidf__sublinear_tf': True, 'tfidf__ngram_range': (1, 3), 'tfidf__min_df': 25, 'tfidf__max_df': 0.8, 'clf__penalty': 'l1', 'clf__dual': False, 'clf__C': 100}",0.6894000469340572,0.6950869929874999,0.6898337109756687,0.6946615630918157,0.703241079003978,0.694444678598604,0.004990903681698306,104
17.405158615112306,0.287818603169037,2.2398637771606444,0.06576360395411335,True,"(1, 3)",50,0.5,l1,False,0.001,"{'tfidf__sublinear_tf': True, 'tfidf__ngram_range': (1, 3), 'tfidf__min_df': 50, 'tfidf__max_df': 0.5, 'clf__penalty': 'l1', 'clf__dual': False, 'clf__C': 0.001}",0.08639652677279305,0.08639652677279305,0.08642779587404995,0.08654124457308249,0.08642779587404995,0.0864379779733537,5.3493448136844986e-05,185
17.88327498435974,0.15925640866121651,2.3631643772125246,0.07123166613326484,True,"(1, 3)",10,0.5,l1,False,0.1,"{'tfidf__sublinear_tf': True, 'tfidf__ngram_range': (1, 3), 'tfidf__min_df': 10, 'tfidf__max_df': 0.5, 'clf__penalty': 'l1', 'clf__dual': False, 'clf__C': 0.1}",0.616465357514685,0.6134191008805322,0.623392470413684,0.6209216612597019,0.653006316956779,0.6254409814050764,0.01420954476050787,168
19.53261842727661,0.2975141043159902,2.441184949874878,0.12807362679880666,True,"(1, 3)",10,0.7,l2,False,0.1,"{'tfidf__sublinear_tf': True, 'tfidf__ngram_range': (1, 3), 'tfidf__min_df': 10, 'tfidf__max_df': 0.7, 'clf__penalty': 'l2', 'clf__dual': False, 'clf__C': 0.1}",0.6980124902502625,0.6857667222382726,0.679403448613821,0.6889288493303042,0.7015507574405287,0.6907324535746378,0.008078272858854684,116
29.36237964630127,0.45258998257591754,2.482671356201172,0.2594481396554984,True,"(1, 3)",100,0.8,l2,False,100.0,"{'tfidf__sublinear_tf': True, 'tfidf__ngram_range': (1, 3), 'tfidf__min_df': 100, 'tfidf__max_df': 0.8, 'clf__penalty': 'l2', 'clf__dual': False, 'clf__C': 100}",0.6348179867849479,0.6316194738482193,0.6199019358434221,0.6524583269143035,0.640657235296063,0.6358909917373912,0.010698044546651382,163
19.286377477645875,0.5115130128762971,2.200143241882324,0.09833228740900696,True,"(1, 3)",100,0.5,l2,False,0.5,"{'tfidf__sublinear_tf': True, 'tfidf__ngram_range': (1, 3), 'tfidf__min_df': 100, 'tfidf__max_df': 0.5, 'clf__penalty': 'l2', 'clf__dual': False, 'clf__C': 0.5}",0.6995894870155652,0.6968607968885779,0.669163196466759,0.706926616598482,0.7042643230621708,0.695360884006311,0.013560877935438224,102
18.79333815574646,0.24394378941643977,2.322426414489746,0.14421228352546722,True,"(1, 3)",25,0.9,l2,False,0.1,"{'tfidf__sublinear_tf': True, 'tfidf__ngram_range': (1, 3), 'tfidf__min_df': 25, 'tfidf__max_df': 0.9, 'clf__penalty': 'l2', 'clf__dual': False, 'clf__C': 0.1}",0.6991358958259484,0.6955454322629218,0.6835199007053547,0.696070231336909,0.713398090778085,0.6975339101818439,0.009557483411404378,97
20.02200779914856,0.07515179029971263,2.2392995834350584,0.1008016020567231,True,"(1, 3)",100,0.7,l2,False,1000.0,"{'tfidf__sublinear_tf': True, 'tfidf__ngram_range': (1, 3), 'tfidf__min_df': 100, 'tfidf__max_df': 0.7, 'clf__penalty': 'l2', 'clf__dual': False, 'clf__C': 1000}",0.6415960952074828,0.6332328795876918,0.6261796501589767,0.658576001746298,0.6452756725985476,0.6409720598597994,0.011022881371988617,159
79.80018768310546,0.5134309311713381,2.1826959609985352,0.06506482747443476,True,"(1, 3)",100,0.6,l1,False,100.0,"{'tfidf__sublinear_tf': True, 'tfidf__ngram_range': (1, 3), 'tfidf__min_df': 100, 'tfidf__max_df': 0.6, 'clf__penalty': 'l1', 'clf__dual': False, 'clf__C': 100}",0.6495193941648058,0.6469432834196425,0.6342875366950583,0.6536498074009344,0.6537200032780331,0.6476240049916948,0.0071468700615812345,148
91.92840151786804,0.6945584250591611,2.4239076137542725,0.07777379763452733,True,"(1, 3)",25,0.9,l1,False,1000.0,"{'tfidf__sublinear_tf': True, 'tfidf__ngram_range': (1, 3), 'tfidf__min_df': 25, 'tfidf__max_df': 0.9, 'clf__penalty': 'l1', 'clf__dual': False, 'clf__C': 1000}",0.681907310176439,0.7035601856450802,0.6801203816884487,0.6893242353413704,0.705281579785521,0.6920387385273719,0.010584688809705176,109
18.466330909729002,0.3481000851037431,2.4758262157440187,0.08406748851542747,True,"(1, 3)",5,0.6,l2,False,0.001,"{'tfidf__sublinear_tf': True, 'tfidf__ngram_range': (1, 3), 'tfidf__min_df': 5, 'tfidf__max_df': 0.6, 'clf__penalty': 'l2', 'clf__dual': False, 'clf__C': 0.001}",0.22588449392495852,0.22188279764521818,0.2221033520574151,0.22525621122460088,0.2275413376410979,0.22453363849865812,0.0022057391176306617,180
74.12141375541687,0.7577149617123956,2.216588830947876,0.028270329666244556,True,"(1, 3)",100,0.8,l1,False,5.0,"{'tfidf__sublinear_tf': True, 'tfidf__ngram_range': (1, 3), 'tfidf__min_df': 100, 'tfidf__max_df': 0.8, 'clf__penalty': 'l1', 'clf__dual': False, 'clf__C': 5}",0.6534321659323957,0.6693261209974157,0.6460682379783942,0.6652628284354378,0.6669901166463192,0.6602158939979926,0.00895022919262782,139
15.145617341995239,0.34059545138547315,1.4495742797851563,0.05654862875076609,True,"(1, 2)",50,0.8,l1,False,0.5,"{'tfidf__sublinear_tf': True, 'tfidf__ngram_range': (1, 2), 'tfidf__min_df': 50, 'tfidf__max_df': 0.8, 'clf__penalty': 'l1', 'clf__dual': False, 'clf__C': 0.5}",0.7284937702270537,0.7235325416076106,0.7145253132606181,0.7286320212598527,0.7506887190302252,0.729174473077072,0.011916792045772232,17
9.338917636871338,0.1701448484416228,1.446476984024048,0.03581150096129694,True,"(1, 2)",50,0.5,l1,False,0.001,"{'tfidf__sublinear_tf': True, 'tfidf__ngram_range': (1, 2), 'tfidf__min_df': 50, 'tfidf__max_df': 0.5, 'clf__penalty': 'l1', 'clf__dual': False, 'clf__C': 0.001}",0.08639652677279305,0.08639652677279305,0.08642779587404995,0.08654124457308249,0.08642779587404995,0.0864379779733537,5.3493448136844986e-05,185
22.688920259475708,0.5654941120658058,2.6368557929992678,0.248194213822003,True,"(1, 3)",10,0.7,l2,False,1000.0,"{'tfidf__sublinear_tf': True, 'tfidf__ngram_range': (1, 3), 'tfidf__min_df': 10, 'tfidf__max_df': 0.7, 'clf__penalty': 'l2', 'clf__dual': False, 'clf__C': 1000}",0.7097515618107275,0.7139480090571219,0.7025359991391025,0.713832299457177,0.7280142480221773,0.7136164234972613,0.008308632405838715,71
23.298045253753664,0.24970216437995868,2.522332763671875,0.2562478448471987,True,"(1, 3)",25,0.6,l2,False,5.0,"{'tfidf__sublinear_tf': True, 'tfidf__ngram_range': (1, 3), 'tfidf__min_df': 25, 'tfidf__max_df': 0.6, 'clf__penalty': 'l2', 'clf__dual': False, 'clf__C': 5}",0.6908297080441326,0.6988146476270064,0.6903347161601329,0.7019059402439428,0.7067574029256604,0.697728483000175,0.006362596665197935,96
23.88704490661621,1.1469579301940085,1.4916701793670655,0.04650684051259964,True,"(1, 2)",10,0.9,l1,False,1.0,"{'tfidf__sublinear_tf': True, 'tfidf__ngram_range': (1, 2), 'tfidf__min_df': 10, 'tfidf__max_df': 0.9, 'clf__penalty': 'l1', 'clf__dual': False, 'clf__C': 1}",0.7442843899998468,0.7479312243515178,0.7341935134578285,0.7521479006246172,0.7620301966703404,0.7481174450208302,0.009147809463885543,2
35.388859033584595,1.5820907512831428,2.9573337554931642,0.4731540580297846,True,"(1, 3)",5,0.9,l2,False,10.0,"{'tfidf__sublinear_tf': True, 'tfidf__ngram_range': (1, 3), 'tfidf__min_df': 5, 'tfidf__max_df': 0.9, 'clf__penalty': 'l2', 'clf__dual': False, 'clf__C': 10}",0.7252144286536267,0.7225627900576423,0.7096847694060489,0.7321308162876659,0.7379823322519938,0.7255150273313955,0.009577113197260418,26
13.928524446487426,0.4054755165184214,1.6719845294952393,0.1764317071386856,True,"(1, 2)",50,0.5,l2,False,5.0,"{'tfidf__sublinear_tf': True, 'tfidf__ngram_range': (1, 2), 'tfidf__min_df': 50, 'tfidf__max_df': 0.5, 'clf__penalty': 'l2', 'clf__dual': False, 'clf__C': 5}",0.6767592300998408,0.6737256241819758,0.6638618583643323,0.6887443908809459,0.6929332385153564,0.6792048684084903,0.010496493281465366,127
38.85949544906616,1.7663539383255,2.1692867279052734,0.0772371242888852,True,"(1, 3)",50,0.9,l1,False,1.0,"{'tfidf__sublinear_tf': True, 'tfidf__ngram_range': (1, 3), 'tfidf__min_df': 50, 'tfidf__max_df': 0.9, 'clf__penalty': 'l1', 'clf__dual': False, 'clf__C': 1}",0.7273926513496057,0.7349380796813509,0.7200429197894624,0.7300874712446338,0.7548870333427488,0.7334696310815603,0.011743140336845516,7
24.88563475608826,1.083117676604031,2.337803840637207,0.14062330671908657,True,"(1, 3)",100,0.5,l1,False,0.5,"{'tfidf__sublinear_tf': True, 'tfidf__ngram_range': (1, 3), 'tfidf__min_df': 100, 'tfidf__max_df': 0.5, 'clf__penalty': 'l1', 'clf__dual': False, 'clf__C': 0.5}",0.7168946696361093,0.7052868350807877,0.7008897491278075,0.7266471497137033,0.7372337071058578,0.717390422132853,0.01340490778566072,57
20.500334167480467,0.5871202402256901,2.6163931369781492,0.2518096439247781,True,"(1, 3)",5,0.6,l1,False,0.1,"{'tfidf__sublinear_tf': True, 'tfidf__ngram_range': (1, 3), 'tfidf__min_df': 5, 'tfidf__max_df': 0.6, 'clf__penalty': 'l1', 'clf__dual': False, 'clf__C': 0.1}",0.6063255021864096,0.6107817160699845,0.6200673092238869,0.6109046308080941,0.6496036662592235,0.6195365649095198,0.01568440063189542,170
35.693893098831175,4.723287374264667,1.9405982971191407,0.1825311677335139,True,"(1, 2)",5,0.5,l2,False,100.0,"{'tfidf__sublinear_tf': True, 'tfidf__ngram_range': (1, 2), 'tfidf__min_df': 5, 'tfidf__max_df': 0.5, 'clf__penalty': 'l2', 'clf__dual': False, 'clf__C': 100}",0.7176592703900444,0.7097737198632469,0.7083364837737568,0.7240335807243501,0.7320416506177891,0.7183689410738375,0.008877643699313353,53
26.986665153503417,0.46080439387181077,1.7358209609985351,0.1907695027882719,True,"(1, 2)",25,0.6,l2,False,100.0,"{'tfidf__sublinear_tf': True, 'tfidf__ngram_range': (1, 2), 'tfidf__min_df': 25, 'tfidf__max_df': 0.6, 'clf__penalty': 'l2', 'clf__dual': False, 'clf__C': 100}",0.6811976980677377,0.6862798970995321,0.6796163913011459,0.6951085303509587,0.7060829276284448,0.6896570888895639,0.009831670435972249,121
12.525787544250488,0.3929293147547733,1.4441824436187745,0.06004113893919094,True,"(1, 2)",50,0.8,l2,False,0.5,"{'tfidf__sublinear_tf': True, 'tfidf__ngram_range': (1, 2), 'tfidf__min_df': 50, 'tfidf__max_df': 0.8, 'clf__penalty': 'l2', 'clf__dual': False, 'clf__C': 0.5}",0.7121350195657506,0.7143318900729801,0.6830433993212541,0.7149451905664205,0.7231940509011768,0.7095299100855165,0.013765281447078719,81
20.168487882614137,0.11485005746543649,2.3061259269714354,0.12538373211021214,True,"(1, 3)",25,0.8,l2,False,1.0,"{'tfidf__sublinear_tf': True, 'tfidf__ngram_range': (1, 3), 'tfidf__min_df': 25, 'tfidf__max_df': 0.8, 'clf__penalty': 'l2', 'clf__dual': False, 'clf__C': 1}",0.712886497612336,0.7125651245849233,0.7048419218825652,0.7153377176295008,0.7277859762537008,0.7146834475926053,0.007438767055014593,66
21.233465814590453,0.2727096295202893,2.4651291847229,0.1559668658851023,True,"(1, 3)",10,0.5,l2,False,1000.0,"{'tfidf__sublinear_tf': True, 'tfidf__ngram_range': (1, 3), 'tfidf__min_df': 10, 'tfidf__max_df': 0.5, 'clf__penalty': 'l2', 'clf__dual': False, 'clf__C': 1000}",0.7101322043558653,0.7148196095689432,0.6986559585623485,0.7149508622433046,0.7261537256451905,0.7129424720751305,0.008878024218659982,73
21.872850131988525,0.5689668937836507,2.269783639907837,0.0840094594966714,True,"(1, 3)",25,0.7,l1,False,0.5,"{'tfidf__sublinear_tf': True, 'tfidf__ngram_range': (1, 3), 'tfidf__min_df': 25, 'tfidf__max_df': 0.7, 'clf__penalty': 'l1', 'clf__dual': False, 'clf__C': 0.5}",0.7252435822985018,0.7304981161020593,0.7223383619531148,0.7293037630844024,0.7517783680107482,0.7318324382897652,0.01038812047666914,9
64.36328430175782,0.8591302003773961,1.4000881671905518,0.040097609255396786,True,"(1, 2)",100,0.5,l1,False,10.0,"{'tfidf__sublinear_tf': True, 'tfidf__ngram_range': (1, 2), 'tfidf__min_df': 100, 'tfidf__max_df': 0.5, 'clf__penalty': 'l1', 'clf__dual': False, 'clf__C': 10}",0.6477318888076191,0.6500379099043962,0.6340623025017738,0.6605229775860881,0.6586826141524551,0.6502075385904664,0.009434632494717371,144
17.14347677230835,0.2043802148720366,2.2503716468811037,0.07037796185725452,True,"(1, 3)",50,0.6,l1,False,0.1,"{'tfidf__sublinear_tf': True, 'tfidf__ngram_range': (1, 3), 'tfidf__min_df': 50, 'tfidf__max_df': 0.6, 'clf__penalty': 'l1', 'clf__dual': False, 'clf__C': 0.1}",0.6417370921554,0.6378501579561542,0.6447381327786759,0.6381657252770763,0.6738651037691993,0.647271242387301,0.01353472718588426,149
14.768259143829345,0.4314811573521981,1.7120041370391845,0.07269534676088601,True,"(1, 2)",5,0.6,l1,False,0.5,"{'tfidf__sublinear_tf': True, 'tfidf__ngram_range': (1, 2), 'tfidf__min_df': 5, 'tfidf__max_df': 0.6, 'clf__penalty': 'l1', 'clf__dual': False, 'clf__C': 0.5}",0.7193116042041878,0.7166814611059229,0.714703050183051,0.7204371944804037,0.74793109626122,0.7238128812469571,0.012224493665397506,30
19.685141849517823,0.18486162166045658,2.3676430225372314,0.09682339954446084,True,"(1, 3)",25,0.7,l2,False,0.1,"{'tfidf__sublinear_tf': True, 'tfidf__ngram_range': (1, 3), 'tfidf__min_df': 25, 'tfidf__max_df': 0.7, 'clf__penalty': 'l2', 'clf__dual': False, 'clf__C': 0.1}",0.7008796923894055,0.6962668668469635,0.6834842766410246,0.697595706473881,0.712772078296718,0.6981997241295985,0.009382759777783568,95
63.491271305084226,0.44877621627042125,2.354965591430664,0.1217150249202591,True,"(1, 3)",10,0.7,l1,False,100.0,"{'tfidf__sublinear_tf': True, 'tfidf__ngram_range': (1, 3), 'tfidf__min_df': 10, 'tfidf__max_df': 0.7, 'clf__penalty': 'l1', 'clf__dual': False, 'clf__C': 100}",0.6934281331218546,0.7144757840605347,0.6951921941231279,0.7163677124544655,0.721903734045119,0.7082735115610204,0.011672817690178016,85
61.77885360717774,0.7547352605624242,1.4870664119720458,0.04858419308735708,True,"(1, 2)",25,0.6,l1,False,100.0,"{'tfidf__sublinear_tf': True, 'tfidf__ngram_range': (1, 2), 'tfidf__min_df': 25, 'tfidf__max_df': 0.6, 'clf__penalty': 'l1', 'clf__dual': False, 'clf__C': 100}",0.6797234204580341,0.6961505088084359,0.67798410257793,0.698645414673287,0.7004734361034826,0.6905953765242339,0.009700333285011211,119
56.12624535560608,0.632196956433372,1.6772801876068115,0.03339310126197942,True,"(1, 2)",5,0.8,l1,False,100.0,"{'tfidf__sublinear_tf': True, 'tfidf__ngram_range': (1, 2), 'tfidf__min_df': 5, 'tfidf__max_df': 0.8, 'clf__penalty': 'l1', 'clf__dual': False, 'clf__C': 100}",0.697103893871467,0.7192801208207532,0.7157900631853682,0.7123694538430153,0.7287164858260015,0.7146520035093211,0.01033121965067182,67
24.114610624313354,1.0758657002278897,1.9083165168762206,0.20723811277330223,True,"(1, 2)",5,0.8,l2,False,10.0,"{'tfidf__sublinear_tf': True, 'tfidf__ngram_range': (1, 2), 'tfidf__min_df': 5, 'tfidf__max_df': 0.8, 'clf__penalty': 'l2', 'clf__dual': False, 'clf__C': 10}",0.7199664448877064,0.713449223840047,0.7033990899227394,0.7246956661469179,0.7353605007483124,0.7193741851091445,0.010719515399968392,46
13.849007081985473,0.6862209256325453,1.5733481407165528,0.12349102689375122,True,"(1, 2)",100,0.8,l2,False,5.0,"{'tfidf__sublinear_tf': True, 'tfidf__ngram_range': (1, 2), 'tfidf__min_df': 100, 'tfidf__max_df': 0.8, 'clf__penalty': 'l2', 'clf__dual': False, 'clf__C': 5}",0.6578256782735104,0.6501819208086989,0.6285152353465694,0.6707775467761278,0.6664150541267991,0.6547430870663411,0.014910033703918262,140
13.016926860809326,0.26258057046174593,1.4882332324981689,0.1572729928717927,True,"(1, 2)",100,0.6,l2,False,1000.0,"{'tfidf__sublinear_tf': True, 'tfidf__ngram_range': (1, 2), 'tfidf__min_df': 100, 'tfidf__max_df': 0.6, 'clf__penalty': 'l2', 'clf__dual': False, 'clf__C': 1000}",0.6345593499182198,0.6275958018684126,0.6259470975078323,0.6542046709094261,0.6424531984771613,0.6369520237362105,0.0104143068415017,162
20.852274942398072,0.5611530828100714,2.742548036575317,0.15465490929554354,True,"(1, 3)",5,0.5,l2,False,0.1,"{'tfidf__sublinear_tf': True, 'tfidf__ngram_range': (1, 3), 'tfidf__min_df': 5, 'tfidf__max_df': 0.5, 'clf__penalty': 'l2', 'clf__dual': False, 'clf__C': 0.1}",0.6899209876237832,0.6722994836663495,0.6647321119736085,0.6725702202110904,0.6829794016877,0.6765004410325063,0.008873288559672095,130
16.557431650161742,0.5462297261756348,1.4321206569671632,0.09421238577905142,True,"(1, 2)",100,0.6,l1,False,0.5,"{'tfidf__sublinear_tf': True, 'tfidf__ngram_range': (1, 2), 'tfidf__min_df': 100, 'tfidf__max_df': 0.6, 'clf__penalty': 'l1', 'clf__dual': False, 'clf__C': 0.5}",0.7132214669046464,0.7069809702817422,0.6993376957139068,0.7208025696039307,0.7365017980518941,0.715368900111224,0.012712926414923782,61
59.48013634681702,1.0224302549404862,1.5732860565185547,0.047060896307047816,True,"(1, 2)",25,0.5,l1,False,5.0,"{'tfidf__sublinear_tf': True, 'tfidf__ngram_range': (1, 2), 'tfidf__min_df': 25, 'tfidf__max_df': 0.5, 'clf__penalty': 'l1', 'clf__dual': False, 'clf__C': 5}",0.6954665556731805,0.7127226345699416,0.7034679892774931,0.7024943581900533,0.7299639374871998,0.7088230950395736,0.011910237945765883,82
21.66498646736145,0.45912702386446747,2.607257127761841,0.2423792546862138,True,"(1, 3)",25,0.6,l2,False,1.0,"{'tfidf__sublinear_tf': True, 'tfidf__ngram_range': (1, 3), 'tfidf__min_df': 25, 'tfidf__max_df': 0.6, 'clf__penalty': 'l2', 'clf__dual': False, 'clf__C': 1}",0.7131496242157123,0.7136633241578549,0.7025051599043108,0.7139148291603815,0.7277109502516361,0.7141887775379792,0.008009832264201105,70
11.097766971588134,0.46952083992545585,1.8462839126586914,0.05614970574700826,True,"(1, 2)",5,0.6,l2,False,0.001,"{'tfidf__sublinear_tf': True, 'tfidf__ngram_range': (1, 2), 'tfidf__min_df': 5, 'tfidf__max_df': 0.6, 'clf__penalty': 'l2', 'clf__dual': False, 'clf__C': 0.001}",0.22116951097088772,0.2156676491932233,0.2172354373991551,0.22288201577336916,0.22253235896105394,0.21989739445953785,0.0029136246545808566,184
15.086676454544067,0.5882694486888317,1.8686715126037599,0.17701775060881914,True,"(1, 2)",10,0.9,l2,False,1.0,"{'tfidf__sublinear_tf': True, 'tfidf__ngram_range': (1, 2), 'tfidf__min_df': 10, 'tfidf__max_df': 0.9, 'clf__penalty': 'l2', 'clf__dual': False, 'clf__C': 1}",0.7192762296826993,0.7170726372535082,0.7036588390074102,0.7196589033132933,0.7362399326911425,0.7191813083896107,0.010359800381333648,47
15.35901665687561,0.1487026199334343,1.6950453758239745,0.07324504745920307,True,"(1, 2)",10,0.5,l1,False,0.5,"{'tfidf__sublinear_tf': True, 'tfidf__ngram_range': (1, 2), 'tfidf__min_df': 10, 'tfidf__max_df': 0.5, 'clf__penalty': 'l1', 'clf__dual': False, 'clf__C': 0.5}",0.7221067667730032,0.7215876635187505,0.7222343970511046,0.7252304892308474,0.751419899679469,0.728515843250635,0.011523210090782594,20
40.535476207733154,1.4509320419773784,2.331231451034546,0.0536720253775732,True,"(1, 3)",100,0.5,l1,False,1.0,"{'tfidf__sublinear_tf': True, 'tfidf__ngram_range': (1, 3), 'tfidf__min_df': 100, 'tfidf__max_df': 0.5, 'clf__penalty': 'l1', 'clf__dual': False, 'clf__C': 1}",0.7045468587921626,0.6977232650021913,0.692922752381269,0.7192268842615215,0.7290138679647363,0.7086867256803762,0.01349167505118257,83
67.88455514907837,1.1477747815678887,1.5734302520751953,0.02903773068377,True,"(1, 2)",50,0.7,l1,False,5.0,"{'tfidf__sublinear_tf': True, 'tfidf__ngram_range': (1, 2), 'tfidf__min_df': 50, 'tfidf__max_df': 0.7, 'clf__penalty': 'l1', 'clf__dual': False, 'clf__C': 5}",0.6814830793745614,0.6942535859897266,0.6803897037643944,0.6986089287207118,0.7048383165086175,0.6919147228716024,0.009580680524901505,110
14.015359783172608,0.06583957343747855,1.6199506282806397,0.12260165939766421,True,"(1, 2)",25,0.5,l2,False,1000.0,"{'tfidf__sublinear_tf': True, 'tfidf__ngram_range': (1, 2), 'tfidf__min_df': 25, 'tfidf__max_df': 0.5, 'clf__penalty': 'l2', 'clf__dual': False, 'clf__C': 1000}",0.6897270501228934,0.688000077403238,0.6792974970202037,0.6930972630568792,0.7085356366970231,0.6917315048600474,0.009558138760937715,111
81.22972240447999,0.7269291240802342,2.515954065322876,0.1124973169780183,True,"(1, 3)",5,0.5,l1,False,1000.0,"{'tfidf__sublinear_tf': True, 'tfidf__ngram_range': (1, 3), 'tfidf__min_df': 5, 'tfidf__max_df': 0.5, 'clf__penalty': 'l1', 'clf__dual': False, 'clf__C': 1000}",0.7102232778576988,0.7192319577386938,0.7126920629289538,0.722700419393973,0.7294905160521481,0.7188676467942935,0.006935865770390074,51
21.443766403198243,0.8901920106432295,2.6680148124694822,0.14076230269592702,True,"(1, 3)",25,0.6,l2,False,1000.0,"{'tfidf__sublinear_tf': True, 'tfidf__ngram_range': (1, 3), 'tfidf__min_df': 25, 'tfidf__max_df': 0.6, 'clf__penalty': 'l2', 'clf__dual': False, 'clf__C': 1000}",0.6948001406168525,0.695304383071927,0.6875571430534306,0.6921784180013946,0.7102269209134173,0.6960134011314043,0.007618585807973358,100
18.15268454551697,0.2095545889831402,1.6986170768737794,0.1885782606511904,True,"(1, 2)",10,0.8,l2,False,5.0,"{'tfidf__sublinear_tf': True, 'tfidf__ngram_range': (1, 2), 'tfidf__min_df': 10, 'tfidf__max_df': 0.8, 'clf__penalty': 'l2', 'clf__dual': False, 'clf__C': 5}",0.7141735546763203,0.7063944725923561,0.6957700922625255,0.7106791284500689,0.7239233861821749,0.7101881268326891,0.009241792038823702,79
97.04269905090332,0.27745417829889946,2.209698963165283,0.06773676860412572,True,"(1, 3)",100,0.9,l1,False,1000.0,"{'tfidf__sublinear_tf': True, 'tfidf__ngram_range': (1, 3), 'tfidf__min_df': 100, 'tfidf__max_df': 0.9, 'clf__penalty': 'l1', 'clf__dual': False, 'clf__C': 1000}",0.6459842984316683,0.6501735654617697,0.62917281490559,0.6436099493376558,0.6427635156422492,0.6423408287557867,0.007068416450643056,157
21.61137113571167,0.5192804101223776,2.353447771072388,0.20415168582947263,True,"(1, 3)",100,0.6,l2,False,10.0,"{'tfidf__sublinear_tf': True, 'tfidf__ngram_range': (1, 3), 'tfidf__min_df': 100, 'tfidf__max_df': 0.6, 'clf__penalty': 'l2', 'clf__dual': False, 'clf__C': 10}",0.6481364274440596,0.6439569025263416,0.6279055466995962,0.6654106374744345,0.652941406268926,0.6476701840826715,0.01222420716083668,147
52.9908745765686,0.41863400645154886,1.6328444480895996,0.034782690305481374,True,"(1, 2)",5,0.5,l1,False,10.0,"{'tfidf__sublinear_tf': True, 'tfidf__ngram_range': (1, 2), 'tfidf__min_df': 5, 'tfidf__max_df': 0.5, 'clf__penalty': 'l1', 'clf__dual': False, 'clf__C': 10}",0.7119043436566383,0.7237320871040869,0.7095700568742497,0.7245701291950395,0.7352320868167386,0.7210017407293506,0.009339560659865149,40
17.319035863876344,0.26232196716167044,2.2781496047973633,0.0916976181368861,True,"(1, 3)",25,0.8,l1,False,0.1,"{'tfidf__sublinear_tf': True, 'tfidf__ngram_range': (1, 3), 'tfidf__min_df': 25, 'tfidf__max_df': 0.8, 'clf__penalty': 'l1', 'clf__dual': False, 'clf__C': 0.1}",0.6296908360822551,0.6257987282784165,0.6355324752992234,0.6299610257536382,0.6684094779008876,0.6378785086628842,0.015577480972211618,161
89.13462824821472,0.4289828834512582,2.3200619220733643,0.08648276739400344,True,"(1, 3)",25,0.5,l1,False,1000.0,"{'tfidf__sublinear_tf': True, 'tfidf__ngram_range': (1, 3), 'tfidf__min_df': 25, 'tfidf__max_df': 0.5, 'clf__penalty': 'l1', 'clf__dual': False, 'clf__C': 1000}",0.6882637311800018,0.6894064234966799,0.6860147491550872,0.683572077224267,0.7058558133132043,0.690622558873848,0.007874468820871786,118
25.888897275924684,0.6976230666508499,2.267878532409668,0.15340401329109557,True,"(1, 3)",100,0.9,l1,False,0.5,"{'tfidf__sublinear_tf': True, 'tfidf__ngram_range': (1, 3), 'tfidf__min_df': 100, 'tfidf__max_df': 0.9, 'clf__penalty': 'l1', 'clf__dual': False, 'clf__C': 0.5}",0.7158013131455926,0.7130502458199325,0.7037856300549852,0.7246533348158676,0.738141158347684,0.7190863364368123,0.011622522039121858,48
17.00877466201782,0.3087414393008057,2.2014714241027833,0.12003911665540144,True,"(1, 3)",50,0.9,l1,False,0.001,"{'tfidf__sublinear_tf': True, 'tfidf__ngram_range': (1, 3), 'tfidf__min_df': 50, 'tfidf__max_df': 0.9, 'clf__penalty': 'l1', 'clf__dual': False, 'clf__C': 0.001}",0.08639652677279305,0.08639652677279305,0.08642779587404995,0.08654124457308249,0.08642779587404995,0.0864379779733537,5.3493448136844986e-05,185
9.947157955169677,0.2624432407233383,1.6238965034484862,0.07571312223120386,True,"(1, 2)",10,0.5,l2,False,0.001,"{'tfidf__sublinear_tf': True, 'tfidf__ngram_range': (1, 2), 'tfidf__min_df': 10, 'tfidf__max_df': 0.5, 'clf__penalty': 'l2', 'clf__dual': False, 'clf__C': 0.001}",0.22384058141633903,0.21920698840399497,0.22314398890274373,0.223513600238103,0.22624600085353314,0.22319023196294277,0.0022686389151263587,183
69.19162168502808,0.9140889375757469,2.305110740661621,0.06266778521017234,True,"(1, 3)",25,0.7,l1,False,100.0,"{'tfidf__sublinear_tf': True, 'tfidf__ngram_range': (1, 3), 'tfidf__min_df': 25, 'tfidf__max_df': 0.7, 'clf__penalty': 'l1', 'clf__dual': False, 'clf__C': 100}",0.6875478188550554,0.6969989874565037,0.6819587546385908,0.6886161253230355,0.7093581477416107,0.6928959668029592,0.009532895879371207,106
17.384987592697144,0.6100857758758159,1.6675254344940185,0.1879935544374639,True,"(1, 2)",25,0.8,l2,False,10.0,"{'tfidf__sublinear_tf': True, 'tfidf__ngram_range': (1, 2), 'tfidf__min_df': 25, 'tfidf__max_df': 0.8, 'clf__penalty': 'l2', 'clf__dual': False, 'clf__C': 10}",0.6850706545662217,0.6954889289770927,0.6809754127530242,0.7000949826250289,0.7064988033116182,0.6936257564465972,0.009426119016480234,105
31.123623371124268,0.9860117783101087,2.5696582317352297,0.13838743844618126,True,"(1, 3)",5,0.8,l1,False,1.0,"{'tfidf__sublinear_tf': True, 'tfidf__ngram_range': (1, 3), 'tfidf__min_df': 5, 'tfidf__max_df': 0.8, 'clf__penalty': 'l1', 'clf__dual': False, 'clf__C': 1}",0.7457862072945299,0.7462290730080858,0.7340931849857473,0.7523845242072886,0.7619507722506721,0.7480887523492648,0.00911312546178368,3
22.065627908706666,0.7149349342933472,2.57483811378479,0.24604280051688043,True,"(1, 3)",10,0.8,l2,False,1.0,"{'tfidf__sublinear_tf': True, 'tfidf__ngram_range': (1, 3), 'tfidf__min_df': 10, 'tfidf__max_df': 0.8, 'clf__penalty': 'l2', 'clf__dual': False, 'clf__C': 1}",0.7205377130164394,0.7175137414579642,0.7066607704949088,0.7222451172567996,0.7384191588953255,0.7210753002242877,0.01022673235849705,38
23.09659285545349,0.44527445177986563,2.7222166538238524,0.23110706375382323,True,"(1, 3)",5,0.6,l2,False,0.5,"{'tfidf__sublinear_tf': True, 'tfidf__ngram_range': (1, 3), 'tfidf__min_df': 5, 'tfidf__max_df': 0.6, 'clf__penalty': 'l2', 'clf__dual': False, 'clf__C': 0.5}",0.7289959887257893,0.7186742655338165,0.7065365564957208,0.7248367946207237,0.738141347202769,0.7234369905157638,0.010558297566648675,32
9.726927709579467,0.8651133913461837,1.558065938949585,0.05788178075622213,True,"(1, 2)",50,0.5,l2,False,0.001,"{'tfidf__sublinear_tf': True, 'tfidf__ngram_range': (1, 2), 'tfidf__min_df': 50, 'tfidf__max_df': 0.5, 'clf__penalty': 'l2', 'clf__dual': False, 'clf__C': 0.001}",0.22668585745508824,0.22154531550212245,0.22549534226688203,0.2272691417912438,0.23053178075251402,0.2263054875535701,0.002906903448693583,176
75.33481655120849,0.6279775118188966,1.7188093662261963,0.048488974801554834,True,"(1, 2)",5,0.6,l1,False,1000.0,"{'tfidf__sublinear_tf': True, 'tfidf__ngram_range': (1, 2), 'tfidf__min_df': 5, 'tfidf__max_df': 0.6, 'clf__penalty': 'l1', 'clf__dual': False, 'clf__C': 1000}",0.7198403338151161,0.7193884307526354,0.7056651996584908,0.7166264638996607,0.7210940146388807,0.7165228885529568,0.005621603060345513,58
13.836243867874146,0.4839962316536462,1.774636173248291,0.22610054629347964,True,"(1, 2)",25,0.5,l2,False,1.0,"{'tfidf__sublinear_tf': True, 'tfidf__ngram_range': (1, 2), 'tfidf__min_df': 25, 'tfidf__max_df': 0.5, 'clf__penalty': 'l2', 'clf__dual': False, 'clf__C': 1}",0.705571236341622,0.7101423083974195,0.6985869972085489,0.7132804306838676,0.7271842394812236,0.7109530424225363,0.00950167032329948,78
75.33737430572509,0.4186931741037099,1.4688040733337402,0.05920546939541116,True,"(1, 2)",100,0.6,l1,False,100.0,"{'tfidf__sublinear_tf': True, 'tfidf__ngram_range': (1, 2), 'tfidf__min_df': 100, 'tfidf__max_df': 0.6, 'clf__penalty': 'l1', 'clf__dual': False, 'clf__C': 100}",0.6375712029621111,0.647919034358338,0.626419706241872,0.6561242823644023,0.6518690241442406,0.6439806500141929,0.010720754469746253,153
10.95624098777771,0.10133113870970466,1.6246147632598877,0.11458963657653215,True,"(1, 2)",100,0.5,l2,False,0.1,"{'tfidf__sublinear_tf': True, 'tfidf__ngram_range': (1, 2), 'tfidf__min_df': 100, 'tfidf__max_df': 0.5, 'clf__penalty': 'l2', 'clf__dual': False, 'clf__C': 0.1}",0.6894146158300324,0.6864666843212875,0.6724941576376033,0.699027317871275,0.7078109128852413,0.691042737709088,0.011937889991400434,115
13.242424964904785,0.1942580479178417,1.651872158050537,0.222587463151282,True,"(1, 2)",25,0.8,l2,False,1.0,"{'tfidf__sublinear_tf': True, 'tfidf__ngram_range': (1, 2), 'tfidf__min_df': 25, 'tfidf__max_df': 0.8, 'clf__penalty': 'l2', 'clf__dual': False, 'clf__C': 1}",0.7088551974487494,0.7118603124633711,0.6971578314324078,0.7134853939939181,0.7273614035721103,0.7117440277821112,0.009675234050128403,76
74.4935389995575,0.6893041328289075,2.1898857593536376,0.06556539596696066,True,"(1, 3)",100,0.9,l1,False,5.0,"{'tfidf__sublinear_tf': True, 'tfidf__ngram_range': (1, 3), 'tfidf__min_df': 100, 'tfidf__max_df': 0.9, 'clf__penalty': 'l1', 'clf__dual': False, 'clf__C': 5}",0.652256031267952,0.672689742945934,0.6502812269833768,0.6644605467339897,0.670008636716102,0.6619392369294708,0.009129285442392039,138
10.097257137298584,0.10537109218002232,1.694628858566284,0.05840575866640841,True,"(1, 2)",5,0.7,l1,False,0.001,"{'tfidf__sublinear_tf': True, 'tfidf__ngram_range': (1, 2), 'tfidf__min_df': 5, 'tfidf__max_df': 0.7, 'clf__penalty': 'l1', 'clf__dual': False, 'clf__C': 0.001}",0.08639652677279305,0.08639652677279305,0.08642779587404995,0.08654124457308249,0.08642779587404995,0.0864379779733537,5.3493448136844986e-05,185
18.91364803314209,0.8223516599312057,2.586401128768921,0.10170921279358738,True,"(1, 3)",5,0.5,l2,False,0.001,"{'tfidf__sublinear_tf': True, 'tfidf__ngram_range': (1, 3), 'tfidf__min_df': 5, 'tfidf__max_df': 0.5, 'clf__penalty': 'l2', 'clf__dual': False, 'clf__C': 0.001}",0.22466660670512772,0.2219866272084654,0.22198465179660049,0.2257667517659046,0.22546586474476502,0.2239741004441726,0.0016629179291396483,181
56.80023303031921,0.6615178929544736,1.7267397880554198,0.070371396157948,True,"(1, 2)",5,0.9,l1,False,100.0,"{'tfidf__sublinear_tf': True, 'tfidf__ngram_range': (1, 2), 'tfidf__min_df': 5, 'tfidf__max_df': 0.9, 'clf__penalty': 'l1', 'clf__dual': False, 'clf__C': 100}",0.7093557933241887,0.7181508578965108,0.7005400740824743,0.710151652018647,0.7269658562104051,0.7130328467064453,0.008924283328293313,72
11.91644515991211,0.2319179530483715,1.8478050231933594,0.25829232356062853,True,"(1, 2)",10,0.5,l2,False,0.1,"{'tfidf__sublinear_tf': True, 'tfidf__ngram_range': (1, 2), 'tfidf__min_df': 10, 'tfidf__max_df': 0.5, 'clf__penalty': 'l2', 'clf__dual': False, 'clf__C': 0.1}",0.6864024162716362,0.684748780694149,0.6727211514470788,0.6896910733809479,0.7000068898124432,0.686714062321251,0.008778643032117719,123
11.745520210266113,0.20105623423051697,1.6702853202819825,0.21494105159855897,True,"(1, 2)",100,0.6,l2,False,0.5,"{'tfidf__sublinear_tf': True, 'tfidf__ngram_range': (1, 2), 'tfidf__min_df': 100, 'tfidf__max_df': 0.6, 'clf__penalty': 'l2', 'clf__dual': False, 'clf__C': 0.5}",0.6988136565480588,0.6966573470900705,0.6734217512343089,0.7037206002932657,0.7075502116000949,0.6960327133531597,0.011925902831824979,99
34.73203582763672,1.946092294117723,2.579518938064575,0.2723365828454209,True,"(1, 3)",50,0.7,l2,False,100.0,"{'tfidf__sublinear_tf': True, 'tfidf__ngram_range': (1, 3), 'tfidf__min_df': 50, 'tfidf__max_df': 0.7, 'clf__penalty': 'l2', 'clf__dual': False, 'clf__C': 100}",0.6728647457152864,0.6701355373028962,0.656962853791773,0.6736105838820869,0.684264575028186,0.6715676591440457,0.00874550124776391,136
24.513052558898927,0.4642468914395847,2.722442388534546,0.22726786139535426,True,"(1, 3)",5,0.8,l2,False,1.0,"{'tfidf__sublinear_tf': True, 'tfidf__ngram_range': (1, 3), 'tfidf__min_df': 5, 'tfidf__max_df': 0.8, 'clf__penalty': 'l2', 'clf__dual': False, 'clf__C': 1}",0.7276731175030953,0.7256108980820668,0.7130950831053233,0.7253646612272981,0.73882983342183,0.7261147186679227,0.008178387147407096,24
67.64249401092529,0.9897946448419614,2.3593401432037355,0.14282439049156825,True,"(1, 3)",25,0.5,l1,False,100.0,"{'tfidf__sublinear_tf': True, 'tfidf__ngram_range': (1, 3), 'tfidf__min_df': 25, 'tfidf__max_df': 0.5, 'clf__penalty': 'l1', 'clf__dual': False, 'clf__C': 100}",0.6776572985189555,0.6786689549111663,0.6966473859344158,0.689382884848016,0.7091206215908723,0.6902954291606852,0.011751299601351788,120
13.452665948867798,0.2573898929287262,1.8344761848449707,0.17856166211005528,True,"(1, 2)",10,0.9,l2,False,0.5,"{'tfidf__sublinear_tf': True, 'tfidf__ngram_range': (1, 2), 'tfidf__min_df': 10, 'tfidf__max_df': 0.9, 'clf__penalty': 'l2', 'clf__dual': False, 'clf__C': 0.5}",0.7217728842346182,0.7182651130426783,0.7071522708082484,0.7199924349839458,0.7401245353332485,0.7214614476805479,0.010635176816982141,37
12.909753847122193,0.3046778027888988,1.679429006576538,0.1711671455136664,True,"(1, 2)",25,0.6,l2,False,0.5,"{'tfidf__sublinear_tf': True, 'tfidf__ngram_range': (1, 2), 'tfidf__min_df': 25, 'tfidf__max_df': 0.6, 'clf__penalty': 'l2', 'clf__dual': False, 'clf__C': 0.5}",0.7185818580775163,0.7107252628109237,0.7022045141046315,0.7152284536771422,0.730070846594522,0.7153621870529472,0.009179915636576611,62
24.280088901519775,1.1965510804420094,2.6886104106903077,0.1678453686192633,True,"(1, 3)",5,0.9,l2,False,1000.0,"{'tfidf__sublinear_tf': True, 'tfidf__ngram_range': (1, 3), 'tfidf__min_df': 5, 'tfidf__max_df': 0.9, 'clf__penalty': 'l2', 'clf__dual': False, 'clf__C': 1000}",0.7272752255770676,0.7234865995750266,0.7123417778162303,0.7350943829010635,0.7356062501439278,0.7267608472026632,0.008562520832555678,22
53.443000411987306,0.4413200973828398,1.609820795059204,0.02961642001113929,True,"(1, 2)",10,0.6,l1,False,10.0,"{'tfidf__sublinear_tf': True, 'tfidf__ngram_range': (1, 2), 'tfidf__min_df': 10, 'tfidf__max_df': 0.6, 'clf__penalty': 'l1', 'clf__dual': False, 'clf__C': 10}",0.7081864418331093,0.7118715085221117,0.7018701451265967,0.7116160450016098,0.7303199117125306,0.7127728104391916,0.00948634916529482,74
18.814151096343995,0.9789237829714352,2.2669933795928956,0.08350093454471011,True,"(1, 3)",100,0.6,l1,False,0.1,"{'tfidf__sublinear_tf': True, 'tfidf__ngram_range': (1, 3), 'tfidf__min_df': 100, 'tfidf__max_df': 0.6, 'clf__penalty': 'l1', 'clf__dual': False, 'clf__C': 0.1}",0.6367590869623918,0.6445324078701166,0.6401670954422727,0.6422522593229943,0.678572934543628,0.6484567568282806,0.015273731897653086,145
22.486497735977174,0.5124925231494771,2.5026194572448732,0.23028242522994247,True,"(1, 3)",25,0.9,l2,False,1000.0,"{'tfidf__sublinear_tf': True, 'tfidf__ngram_range': (1, 3), 'tfidf__min_df': 25, 'tfidf__max_df': 0.9, 'clf__penalty': 'l2', 'clf__dual': False, 'clf__C': 1000}",0.6924735400316526,0.6944779356576246,0.6864129344665905,0.6920602965818861,0.7092908186022704,0.6949431050680049,0.007658281960953726,103
17.50247097015381,0.3372176422816924,1.748396396636963,0.12667329075923736,True,"(1, 2)",10,0.7,l2,False,5.0,"{'tfidf__sublinear_tf': True, 'tfidf__ngram_range': (1, 2), 'tfidf__min_df': 10, 'tfidf__max_df': 0.7, 'clf__penalty': 'l2', 'clf__dual': False, 'clf__C': 5}",0.7115933145206113,0.7063457111677633,0.6939826157391102,0.7125242405105435,0.7262891357853432,0.7101470035446743,0.01043119131422371,80
20.120058917999266,0.3687433118860211,2.490135431289673,0.2478932706914366,True,"(1, 3)",100,0.5,l2,False,0.1,"{'tfidf__sublinear_tf': True, 'tfidf__ngram_range': (1, 3), 'tfidf__min_df': 100, 'tfidf__max_df': 0.5, 'clf__penalty': 'l2', 'clf__dual': False, 'clf__C': 0.1}",0.6870114140966643,0.686943503843312,0.6714528795823099,0.6991126719053883,0.7088133082927396,0.6906667555440829,0.012625593321827312,117
22.22319903373718,0.8570044306115719,2.679220199584961,0.33541104283340534,True,"(1, 3)",10,0.8,l2,False,0.1,"{'tfidf__sublinear_tf': True, 'tfidf__ngram_range': (1, 3), 'tfidf__min_df': 10, 'tfidf__max_df': 0.8, 'clf__penalty': 'l2', 'clf__dual': False, 'clf__C': 0.1}",0.7004150979180956,0.6843737498291119,0.6815943202386696,0.6884056500562705,0.702428531888869,0.6914434699862033,0.008454309392603656,113
20.108404111862182,0.1665855010163278,2.6612187385559083,0.07887993188434714,True,"(1, 3)",10,0.6,l2,False,0.001,"{'tfidf__sublinear_tf': True, 'tfidf__ngram_range': (1, 3), 'tfidf__min_df': 10, 'tfidf__max_df': 0.6, 'clf__penalty': 'l2', 'clf__dual': False, 'clf__C': 0.001}",0.22786731880835925,0.22296205630354957,0.22510413548304326,0.22771708566248944,0.2315132076009637,0.22703276077168102,0.002881993123990126,175
21.89838843345642,0.17284511870312727,2.3330695629119873,0.1240782077730535,True,"(1, 3)",50,0.5,l2,False,1.0,"{'tfidf__sublinear_tf': True, 'tfidf__ngram_range': (1, 3), 'tfidf__min_df': 50, 'tfidf__max_df': 0.5, 'clf__penalty': 'l2', 'clf__dual': False, 'clf__C': 1}",0.7106032073425712,0.7068095436544658,0.6834343194373542,0.7037324524130473,0.7211256865208081,0.7051410418736493,0.012339318761530466,91
63.00689930915833,0.5866077961574786,2.2589515209198,0.06754285558670477,True,"(1, 3)",25,0.6,l1,False,10.0,"{'tfidf__sublinear_tf': True, 'tfidf__ngram_range': (1, 3), 'tfidf__min_df': 25, 'tfidf__max_df': 0.6, 'clf__penalty': 'l1', 'clf__dual': False, 'clf__C': 10}",0.6842758017511686,0.7107780434365576,0.691578013012308,0.6966913559411901,0.7167928681576556,0.7000232164597759,0.012060608170055156,93
23.22764253616333,1.3186663146700497,2.4029227256774903,0.07482518800040487,True,"(1, 3)",10,0.9,l2,False,1000.0,"{'tfidf__sublinear_tf': True, 'tfidf__ngram_range': (1, 3), 'tfidf__min_df': 10, 'tfidf__max_df': 0.9, 'clf__penalty': 'l2', 'clf__dual': False, 'clf__C': 1000}",0.7114986500635203,0.7148032764927121,0.7018485658118011,0.7165966788444541,0.7282626496659133,0.7146019641756801,0.008519547753588791,68
17.811917448043822,0.3271691287267363,2.478172206878662,0.33427121434198415,True,"(1, 3)",100,0.5,l1,False,0.001,"{'tfidf__sublinear_tf': True, 'tfidf__ngram_range': (1, 3), 'tfidf__min_df': 100, 'tfidf__max_df': 0.5, 'clf__penalty': 'l1', 'clf__dual': False, 'clf__C': 0.001}",0.08639652677279305,0.08639652677279305,0.08642779587404995,0.08654124457308249,0.08642779587404995,0.0864379779733537,5.3493448136844986e-05,185
22.533632612228395,0.2880334398809646,2.5806993007659913,0.36668860696599553,True,"(1, 3)",5,0.5,l2,False,0.5,"{'tfidf__sublinear_tf': True, 'tfidf__ngram_range': (1, 3), 'tfidf__min_df': 5, 'tfidf__max_df': 0.5, 'clf__penalty': 'l2', 'clf__dual': False, 'clf__C': 0.5}",0.7292875774850331,0.7189000757756894,0.7082865972109635,0.723909763218607,0.7405279859473053,0.7241823999275196,0.010713494700121711,29
12.504068374633789,0.3313180618182709,1.8252705574035644,0.17535273202221696,True,"(1, 2)",5,0.5,l2,False,0.1,"{'tfidf__sublinear_tf': True, 'tfidf__ngram_range': (1, 2), 'tfidf__min_df': 5, 'tfidf__max_df': 0.5, 'clf__penalty': 'l2', 'clf__dual': False, 'clf__C': 0.1}",0.6786393799480301,0.6714047783975975,0.6658445367777486,0.6687827425167596,0.6795696574549714,0.6728482190190214,0.005410701701418839,134
81.70843605995178,0.7996568145913849,2.570492887496948,0.174199796247447,True,"(1, 3)",5,0.9,l1,False,1000.0,"{'tfidf__sublinear_tf': True, 'tfidf__ngram_range': (1, 3), 'tfidf__min_df': 5, 'tfidf__max_df': 0.9, 'clf__penalty': 'l1', 'clf__dual': False, 'clf__C': 1000}",0.7161963396915993,0.7205074648726608,0.7013650777709897,0.7152030297297858,0.7348558322779078,0.7176255488685886,0.01074711369982933,56
15.71871862411499,0.5497286251982211,1.4263165473937989,0.04882916934542181,True,"(1, 2)",100,0.5,l1,False,0.5,"{'tfidf__sublinear_tf': True, 'tfidf__ngram_range': (1, 2), 'tfidf__min_df': 100, 'tfidf__max_df': 0.5, 'clf__penalty': 'l1', 'clf__dual': False, 'clf__C': 0.5}",0.7155081463758228,0.7035883385530545,0.6998223769942487,0.7274533370510754,0.7361959168852266,0.7165136231718856,0.013811167152738776,59
21.307818984985353,1.0324702491883628,2.500108337402344,0.25908242600343645,True,"(1, 3)",50,0.5,l2,False,1000.0,"{'tfidf__sublinear_tf': True, 'tfidf__ngram_range': (1, 3), 'tfidf__min_df': 50, 'tfidf__max_df': 0.5, 'clf__penalty': 'l2', 'clf__dual': False, 'clf__C': 1000}",0.6722359467807846,0.6721095575948338,0.6614742863340776,0.6795753345655423,0.6874048320762813,0.6745599914703039,0.008634640529461744,133
24.2828058719635,0.9969074839469461,2.1961065769195556,0.08662805118847987,True,"(1, 3)",50,0.9,l1,False,0.5,"{'tfidf__sublinear_tf': True, 'tfidf__ngram_range': (1, 3), 'tfidf__min_df': 50, 'tfidf__max_df': 0.9, 'clf__penalty': 'l1', 'clf__dual': False, 'clf__C': 0.5}",0.7281894975713751,0.7263612618592851,0.7169407260211156,0.7324653636247659,0.7529050390810845,0.7313723776315252,0.011902644264591731,12
14.037768411636353,0.3472315949379218,1.6345997333526612,0.06219021860552166,True,"(1, 2)",10,0.8,l1,False,0.5,"{'tfidf__sublinear_tf': True, 'tfidf__ngram_range': (1, 2), 'tfidf__min_df': 10, 'tfidf__max_df': 0.8, 'clf__penalty': 'l1', 'clf__dual': False, 'clf__C': 0.5}",0.7255585752335066,0.7212101708193567,0.7192202565041373,0.7231536777144953,0.7532971820068307,0.7284879724556653,0.012580857702399813,21
13.000271463394165,0.19089182726737292,1.6720592021942138,0.1891435162025917,True,"(1, 2)",25,0.7,l2,False,1.0,"{'tfidf__sublinear_tf': True, 'tfidf__ngram_range': (1, 2), 'tfidf__min_df': 25, 'tfidf__max_df': 0.7, 'clf__penalty': 'l2', 'clf__dual': False, 'clf__C': 1}",0.7062653903133285,0.7105751507180507,0.698873620279365,0.7133087334072747,0.7276121464152319,0.7113270082266501,0.009491102122430343,77
65.9063530921936,0.9055329119727187,1.4796087265014648,0.05864867930500091,True,"(1, 2)",50,0.5,l1,False,100.0,"{'tfidf__sublinear_tf': True, 'tfidf__ngram_range': (1, 2), 'tfidf__min_df': 50, 'tfidf__max_df': 0.5, 'clf__penalty': 'l1', 'clf__dual': False, 'clf__C': 100}",0.6701164680094307,0.6817392759227673,0.670131624175977,0.6768793976733822,0.6908926276598899,0.6779518786882894,0.00781674636186644,128
74.21376614570617,1.327602041111985,2.2825356006622313,0.14180434694620564,True,"(1, 3)",50,0.5,l1,False,100.0,"{'tfidf__sublinear_tf': True, 'tfidf__ngram_range': (1, 3), 'tfidf__min_df': 50, 'tfidf__max_df': 0.5, 'clf__penalty': 'l1', 'clf__dual': False, 'clf__C': 100}",0.6648656288263693,0.6775075507986754,0.6782514769276528,0.6836355067997208,0.6966669522151583,0.6801854231135154,0.010287381823914133,125
15.100568342208863,0.22740058578282732,1.7938430309295654,0.1343107356457005,True,"(1, 2)",5,0.6,l2,False,1.0,"{'tfidf__sublinear_tf': True, 'tfidf__ngram_range': (1, 2), 'tfidf__min_df': 5, 'tfidf__max_df': 0.6, 'clf__penalty': 'l2', 'clf__dual': False, 'clf__C': 1}",0.7185731176857341,0.7157417411176615,0.705948105475658,0.7175976556702471,0.733657746385658,0.7183036732669917,0.008894292262558815,54
31.830232000350954,1.8130772459989886,2.626869964599609,0.32101361989945726,True,"(1, 3)",5,0.6,l1,False,1.0,"{'tfidf__sublinear_tf': True, 'tfidf__ngram_range': (1, 3), 'tfidf__min_df': 5, 'tfidf__max_df': 0.6, 'clf__penalty': 'l1', 'clf__dual': False, 'clf__C': 1}",0.7453387544366563,0.7463473920965147,0.7342308146613946,0.7540412250391346,0.7597471691410462,0.7479410710749492,0.00864729813792403,4
11.965953826904297,0.3496420251447961,1.6006083965301514,0.1278671415794773,True,"(1, 2)",100,0.7,l2,False,1.0,"{'tfidf__sublinear_tf': True, 'tfidf__ngram_range': (1, 2), 'tfidf__min_df': 100, 'tfidf__max_df': 0.7, 'clf__penalty': 'l2', 'clf__dual': False, 'clf__C': 1}",0.6907928139707965,0.681391933276642,0.6619770972385314,0.7076924190750299,0.6912886575068897,0.686628584213578,0.014952327944214324,124
15.373102807998658,0.5683475425438297,1.670885181427002,0.087580121463965,True,"(1, 2)",5,0.9,l1,False,0.5,"{'tfidf__sublinear_tf': True, 'tfidf__ngram_range': (1, 2), 'tfidf__min_df': 5, 'tfidf__max_df': 0.9, 'clf__penalty': 'l1', 'clf__dual': False, 'clf__C': 0.5}",0.7165460458067724,0.7186703470122107,0.7208342297095838,0.7210761900002632,0.7493725943020333,0.7252998813661726,0.01214790092416124,27
22.355283403396605,0.8611511431824186,2.370062160491943,0.1150138256052301,True,"(1, 3)",10,0.8,l1,False,0.5,"{'tfidf__sublinear_tf': True, 'tfidf__ngram_range': (1, 3), 'tfidf__min_df': 10, 'tfidf__max_df': 0.8, 'clf__penalty': 'l1', 'clf__dual': False, 'clf__C': 0.5}",0.7224654383226589,0.7250597594495058,0.719687178257219,0.725706228578686,0.7512163145526427,0.7288269838321424,0.011394898246405515,19
21.6550621509552,0.9846523041894154,2.6468644618988035,0.24848923286414276,True,"(1, 3)",10,0.9,l2,False,0.1,"{'tfidf__sublinear_tf': True, 'tfidf__ngram_range': (1, 3), 'tfidf__min_df': 10, 'tfidf__max_df': 0.9, 'clf__penalty': 'l2', 'clf__dual': False, 'clf__C': 0.1}",0.7017709855601821,0.684601633739424,0.6817985640041744,0.6869015122328357,0.7022116109547939,0.691456861298282,0.008752986416958682,112
20.83046269416809,0.25650719188565996,2.577769565582275,0.16185392474742727,True,"(1, 3)",5,0.8,l1,False,0.1,"{'tfidf__sublinear_tf': True, 'tfidf__ngram_range': (1, 3), 'tfidf__min_df': 5, 'tfidf__max_df': 0.8, 'clf__penalty': 'l1', 'clf__dual': False, 'clf__C': 0.1}",0.6060326492070461,0.6107817160699845,0.6200673092238869,0.6109046308080941,0.6496036662592235,0.619477994313647,0.015734093709909476,171
17.32215542793274,0.3430573358737218,2.2517623901367188,0.14060598424004453,True,"(1, 3)",100,0.6,l1,False,0.001,"{'tfidf__sublinear_tf': True, 'tfidf__ngram_range': (1, 3), 'tfidf__min_df': 100, 'tfidf__max_df': 0.6, 'clf__penalty': 'l1', 'clf__dual': False, 'clf__C': 0.001}",0.08639652677279305,0.08639652677279305,0.08642779587404995,0.08654124457308249,0.08642779587404995,0.0864379779733537,5.3493448136844986e-05,185
14.948833799362182,0.2464288269598736,1.7915800094604493,0.16828011871773538,True,"(1, 2)",5,0.6,l2,False,1000.0,"{'tfidf__sublinear_tf': True, 'tfidf__ngram_range': (1, 2), 'tfidf__min_df': 5, 'tfidf__max_df': 0.6, 'clf__penalty': 'l2', 'clf__dual': False, 'clf__C': 1000}",0.7218178218998601,0.7150592473283846,0.704479247659128,0.7247313486167078,0.7337299319027519,0.7199635194813665,0.009792847413231772,43
18.57266035079956,0.40837691487598754,2.4131500244140627,0.10450853445623866,True,"(1, 3)",5,0.7,l1,False,0.001,"{'tfidf__sublinear_tf': True, 'tfidf__ngram_range': (1, 3), 'tfidf__min_df': 5, 'tfidf__max_df': 0.7, 'clf__penalty': 'l1', 'clf__dual': False, 'clf__C': 0.001}",0.08639652677279305,0.08639652677279305,0.08642779587404995,0.08654124457308249,0.08642779587404995,0.0864379779733537,5.3493448136844986e-05,185
54.63212118148804,1.1100430754905188,1.7982975959777832,0.060596320215707995,True,"(1, 2)",5,0.8,l1,False,10.0,"{'tfidf__sublinear_tf': True, 'tfidf__ngram_range': (1, 2), 'tfidf__min_df': 5, 'tfidf__max_df': 0.8, 'clf__penalty': 'l1', 'clf__dual': False, 'clf__C': 10}",0.7082914231555384,0.7275083807081457,0.7106062921089584,0.7257635483505027,0.740114295903848,0.7224567880453987,0.011741657909506695,34
24.07635293006897,1.0126233134425218,1.652949857711792,0.22493209208700343,True,"(1, 2)",100,0.8,l2,False,100.0,"{'tfidf__sublinear_tf': True, 'tfidf__ngram_range': (1, 2), 'tfidf__min_df': 100, 'tfidf__max_df': 0.8, 'clf__penalty': 'l2', 'clf__dual': False, 'clf__C': 100}",0.6285176351322926,0.6281825693235855,0.6208098076145034,0.6513162944086437,0.6390187948852003,0.6335690202728451,0.010601826596435321,167
16.361848258972167,1.0971170514834776,1.8002394199371339,0.1933061176553424,True,"(1, 2)",25,0.9,l2,False,5.0,"{'tfidf__sublinear_tf': True, 'tfidf__ngram_range': (1, 2), 'tfidf__min_df': 25, 'tfidf__max_df': 0.9, 'clf__penalty': 'l2', 'clf__dual': False, 'clf__C': 5}",0.6929785075597821,0.6989372747406355,0.6858820888097581,0.6991567768637671,0.7142191242626652,0.6982347544473215,0.00934944081952311,94
74.2856367111206,0.6531931009210403,1.6931544303894044,0.043115967528521135,True,"(1, 2)",5,0.7,l1,False,1000.0,"{'tfidf__sublinear_tf': True, 'tfidf__ngram_range': (1, 2), 'tfidf__min_df': 5, 'tfidf__max_df': 0.7, 'clf__penalty': 'l1', 'clf__dual': False, 'clf__C': 1000}",0.7194805576532759,0.7257120233344927,0.7070284021913926,0.7230965533022529,0.7192229353897817,0.7189080943742392,0.006409220903010488,50
23.653625011444092,0.7608382614150222,2.395394134521484,0.24728187311961247,True,"(1, 3)",50,0.6,l2,False,10.0,"{'tfidf__sublinear_tf': True, 'tfidf__ngram_range': (1, 3), 'tfidf__min_df': 50, 'tfidf__max_df': 0.6, 'clf__penalty': 'l2', 'clf__dual': False, 'clf__C': 10}",0.6743129164741629,0.6741688255050985,0.6608595852916097,0.6766394316652518,0.6897382241473476,0.675143796616694,0.0091751170325543,132
69.22010216712951,0.4929125038222039,2.236319351196289,0.04323617876484884,True,"(1, 3)",50,0.6,l1,False,5.0,"{'tfidf__sublinear_tf': True, 'tfidf__ngram_range': (1, 3), 'tfidf__min_df': 50, 'tfidf__max_df': 0.6, 'clf__penalty': 'l1', 'clf__dual': False, 'clf__C': 5}",0.6859474037283105,0.6937717986111445,0.6845182665550906,0.6965037604313418,0.7010767724629032,0.6923636003577581,0.006289040587444593,108
18.567033052444458,0.9924170484947843,2.3953042030334473,0.09670624799557749,True,"(1, 3)",50,0.5,l2,False,0.001,"{'tfidf__sublinear_tf': True, 'tfidf__ngram_range': (1, 3), 'tfidf__min_df': 50, 'tfidf__max_df': 0.5, 'clf__penalty': 'l2', 'clf__dual': False, 'clf__C': 0.001}",0.23150984277354675,0.22603936354283993,0.22644562056506495,0.23177392908382863,0.2350090284529826,0.23015555688365258,0.0034268376159686887,172
31.09234986305237,0.9417298025620087,2.4236348152160643,0.1789698236999045,True,"(1, 3)",100,0.6,l2,False,100.0,"{'tfidf__sublinear_tf': True, 'tfidf__ngram_range': (1, 3), 'tfidf__min_df': 100, 'tfidf__max_df': 0.6, 'clf__penalty': 'l2', 'clf__dual': False, 'clf__C': 100}",0.636922785119586,0.6307656972199123,0.6218148219182522,0.6523206933679655,0.6359865920059458,0.6355621179263323,0.009948620441194059,164
55.332105207443234,1.2859169015819019,1.613246536254883,0.0209845845874049,True,"(1, 2)",5,0.8,l1,False,5.0,"{'tfidf__sublinear_tf': True, 'tfidf__ngram_range': (1, 2), 'tfidf__min_df': 5, 'tfidf__max_df': 0.8, 'clf__penalty': 'l1', 'clf__dual': False, 'clf__C': 5}",0.7193903943013169,0.7325794659732717,0.7215759574383303,0.7329329641821696,0.7480521916299768,0.730906194705013,0.010203527117540733,13
29.62789626121521,0.9949668785180942,1.5023680210113526,0.039319206799253326,True,"(1, 2)",50,0.9,l1,False,1.0,"{'tfidf__sublinear_tf': True, 'tfidf__ngram_range': (1, 2), 'tfidf__min_df': 50, 'tfidf__max_df': 0.9, 'clf__penalty': 'l1', 'clf__dual': False, 'clf__C': 1}",0.7274707042294629,0.7346258562144097,0.7217253121878273,0.7326014750044976,0.7507323516864709,0.7334311398645336,0.009736537536524429,8
24.736753940582275,1.3224206528305582,2.71633620262146,0.28473694707565445,True,"(1, 3)",5,0.5,l2,False,1.0,"{'tfidf__sublinear_tf': True, 'tfidf__ngram_range': (1, 3), 'tfidf__min_df': 5, 'tfidf__max_df': 0.5, 'clf__penalty': 'l2', 'clf__dual': False, 'clf__C': 1}",0.7264274459265353,0.7277159984579551,0.7131073354305009,0.7232552796228363,0.7398721216362294,0.7260756362148115,0.008594053815093788,25
18.40280690193176,0.5643550388997916,2.219349431991577,0.038545656560010626,True,"(1, 3)",100,0.8,l1,False,0.1,"{'tfidf__sublinear_tf': True, 'tfidf__ngram_range': (1, 3), 'tfidf__min_df': 100, 'tfidf__max_df': 0.8, 'clf__penalty': 'l1', 'clf__dual': False, 'clf__C': 0.1}",0.6364381666841689,0.6451385344781384,0.6396244054241775,0.6422522593229943,0.6777388258968287,0.6482384383612615,0.015027738242369002,146
9.38011155128479,0.3352626875010514,1.424655294418335,0.05453340687423728,True,"(1, 2)",50,0.6,l1,False,0.001,"{'tfidf__sublinear_tf': True, 'tfidf__ngram_range': (1, 2), 'tfidf__min_df': 50, 'tfidf__max_df': 0.6, 'clf__penalty': 'l1', 'clf__dual': False, 'clf__C': 0.001}",0.08639652677279305,0.08639652677279305,0.08642779587404995,0.08654124457308249,0.08642779587404995,0.0864379779733537,5.3493448136844986e-05,185
24.953531646728514,1.040967462769838,2.6169464111328127,0.25219817671366274,True,"(1, 3)",10,0.5,l2,False,5.0,"{'tfidf__sublinear_tf': True, 'tfidf__ngram_range': (1, 3), 'tfidf__min_df': 10, 'tfidf__max_df': 0.5, 'clf__penalty': 'l2', 'clf__dual': False, 'clf__C': 5}",0.7121897522495273,0.7151857223637377,0.7017523977584126,0.7170813522605561,0.7281527619435779,0.7148723973151624,0.008493252758723315,65
14.627261304855347,0.16408594824836925,1.5251230239868163,0.1444486682778528,True,"(1, 2)",100,0.8,l2,False,10.0,"{'tfidf__sublinear_tf': True, 'tfidf__ngram_range': (1, 2), 'tfidf__min_df': 100, 'tfidf__max_df': 0.8, 'clf__penalty': 'l2', 'clf__dual': False, 'clf__C': 10}",0.6430829732382518,0.6364645796266192,0.624890913795425,0.6586935474171962,0.6522563365018015,0.6430776701158588,0.011854067993019735,156
18.182310247421263,0.13864701203660282,2.514825963973999,0.08112405932348729,True,"(1, 3)",5,0.9,l1,False,0.001,"{'tfidf__sublinear_tf': True, 'tfidf__ngram_range': (1, 3), 'tfidf__min_df': 5, 'tfidf__max_df': 0.9, 'clf__penalty': 'l1', 'clf__dual': False, 'clf__C': 0.001}",0.08639652677279305,0.08639652677279305,0.08642779587404995,0.08654124457308249,0.08642779587404995,0.0864379779733537,5.3493448136844986e-05,185
9.59627432823181,0.3916320465828027,1.482189655303955,0.03724809280834625,True,"(1, 2)",25,0.8,l1,False,0.001,"{'tfidf__sublinear_tf': True, 'tfidf__ngram_range': (1, 2), 'tfidf__min_df': 25, 'tfidf__max_df': 0.8, 'clf__penalty': 'l1', 'clf__dual': False, 'clf__C': 0.001}",0.08639652677279305,0.08639652677279305,0.08642779587404995,0.08654124457308249,0.08642779587404995,0.0864379779733537,5.3493448136844986e-05,185
11.600547790527344,0.1610440278561007,1.518190860748291,0.09666895668154378,True,"(1, 2)",100,0.8,l2,False,0.5,"{'tfidf__sublinear_tf': True, 'tfidf__ngram_range': (1, 2), 'tfidf__min_df': 100, 'tfidf__max_df': 0.8, 'clf__penalty': 'l2', 'clf__dual': False, 'clf__C': 0.5}",0.6985228569096558,0.6936502204158744,0.6747895046217808,0.7036213439118678,0.7084389339350825,0.6958045719588523,0.011613719345136662,101
104.71443319320679,1.237910200835163,2.5191386222839354,0.0881884553684895,True,"(1, 3)",100,0.5,l1,False,1000.0,"{'tfidf__sublinear_tf': True, 'tfidf__ngram_range': (1, 3), 'tfidf__min_df': 100, 'tfidf__max_df': 0.5, 'clf__penalty': 'l1', 'clf__dual': False, 'clf__C': 1000}",0.6360154254816394,0.6498395031242381,0.6285737609562873,0.6421859590083474,0.6485462765546364,0.6410321850250297,0.007946594548778118,158
24.12845296859741,0.8121096704832554,1.8797049522399902,0.1491660576269733,True,"(1, 2)",100,0.9,l2,False,100.0,"{'tfidf__sublinear_tf': True, 'tfidf__ngram_range': (1, 2), 'tfidf__min_df': 100, 'tfidf__max_df': 0.9, 'clf__penalty': 'l2', 'clf__dual': False, 'clf__C': 100}",0.6280644798292969,0.6317212293172488,0.6172291836471119,0.6531354153141423,0.6393178252720604,0.633893626675972,0.01196720756995751,166
15.028529405593872,0.7298225318841673,1.6547163486480714,0.10880108470877493,True,"(1, 2)",100,0.8,l2,False,1000.0,"{'tfidf__sublinear_tf': True, 'tfidf__ngram_range': (1, 2), 'tfidf__min_df': 100, 'tfidf__max_df': 0.8, 'clf__penalty': 'l2', 'clf__dual': False, 'clf__C': 1000}",0.638446721718514,0.6303937069979375,0.624051275943083,0.6571900512410925,0.6443118041612752,0.6388787120123804,0.011461748738701025,160
72.84070405960082,0.6368421225120382,2.2600904941558837,0.017353075713624155,True,"(1, 3)",100,0.5,l1,False,10.0,"{'tfidf__sublinear_tf': True, 'tfidf__ngram_range': (1, 3), 'tfidf__min_df': 100, 'tfidf__max_df': 0.5, 'clf__penalty': 'l1', 'clf__dual': False, 'clf__C': 10}",0.6434905258833439,0.6611847574520793,0.6276345468177618,0.662226772808918,0.657517644770655,0.6504108495465516,0.013212498007971793,143
12.916856050491333,0.2579575480059974,1.573117446899414,0.17299571539606892,True,"(1, 2)",100,0.5,l2,False,1000.0,"{'tfidf__sublinear_tf': True, 'tfidf__ngram_range': (1, 2), 'tfidf__min_df': 100, 'tfidf__max_df': 0.5, 'clf__penalty': 'l2', 'clf__dual': False, 'clf__C': 1000}",0.6319537249479309,0.6260122506912447,0.6228548610094948,0.6524393136354012,0.640295581027759,0.6347111462623661,0.010670702755819833,165
20.043926811218263,0.17487672438486104,2.3712688446044923,0.1365907138787204,True,"(1, 3)",50,0.6,l2,False,0.5,"{'tfidf__sublinear_tf': True, 'tfidf__ngram_range': (1, 3), 'tfidf__min_df': 50, 'tfidf__max_df': 0.6, 'clf__penalty': 'l2', 'clf__dual': False, 'clf__C': 0.5}",0.7186185186723303,0.715937150589168,0.6894536736932102,0.7224211791663594,0.7286042978166516,0.7150069639875438,0.013466531054429028,64
21.238602066040038,0.2785694967169658,2.5301486968994142,0.14457301311277787,True,"(1, 3)",10,0.6,l2,False,0.5,"{'tfidf__sublinear_tf': True, 'tfidf__ngram_range': (1, 3), 'tfidf__min_df': 10, 'tfidf__max_df': 0.6, 'clf__penalty': 'l2', 'clf__dual': False, 'clf__C': 0.5}",0.726301015304762,0.718028377108733,0.7080837337804288,0.7245646108293334,0.7417470563757298,0.7237449586797974,0.011038424224293936,31
17.299364948272704,0.23748598272570537,2.136496925354004,0.03191793563039998,True,"(1, 3)",100,0.8,l2,False,0.001,"{'tfidf__sublinear_tf': True, 'tfidf__ngram_range': (1, 3), 'tfidf__min_df': 100, 'tfidf__max_df': 0.8, 'clf__penalty': 'l2', 'clf__dual': False, 'clf__C': 0.001}",0.2312541811757037,0.22467410482319156,0.22557280339957506,0.2322867936534887,0.23334213399362072,0.22942600340911595,0.0035858088071695614,174
32.01061635017395,0.6250038737464171,2.4024662017822265,0.5341913908428589,True,"(1, 3)",5,0.8,l2,False,10.0,"{'tfidf__sublinear_tf': True, 'tfidf__ngram_range': (1, 3), 'tfidf__min_df': 5, 'tfidf__max_df': 0.8, 'clf__penalty': 'l2', 'clf__dual': False, 'clf__C': 10}",0.7269703605954112,0.7230766047381516,0.711445086186091,0.7272564241528497,0.7365081110906837,0.7250513173526375,0.00810965304056126,28
