mean_fit_time,std_fit_time,mean_score_time,std_score_time,param_tfidf__sublinear_tf,param_tfidf__ngram_range,param_tfidf__min_df,param_tfidf__max_df,param_clf__alpha,params,split0_test_score,split1_test_score,split2_test_score,split3_test_score,split4_test_score,mean_test_score,std_test_score,rank_test_score
42.990821075439456,0.8332010097965723,2.126403474807739,0.1456775301858943,True,"(1, 3)",50,0.9,0.001,"{'tfidf__sublinear_tf': True, 'tfidf__ngram_range': (1, 3), 'tfidf__min_df': 50, 'tfidf__max_df': 0.9, 'clf__alpha': 0.001}",0.4360622059620602,0.42761536288146995,0.437306845396105,0.44769337735485026,0.44304517466034177,0.4383445932509654,0.006795554818787822,85
10.130319213867187,0.2012903162183557,1.572486448287964,0.12087372924078671,True,"(1, 2)",5,0.6,0.5,"{'tfidf__sublinear_tf': True, 'tfidf__ngram_range': (1, 2), 'tfidf__min_df': 5, 'tfidf__max_df': 0.6, 'clf__alpha': 0.5}",0.7230868964283925,0.7147901763043333,0.7093714955959564,0.717152379467318,0.7342070844345919,0.7197216064461184,0.008475835939208478,14
11.38452320098877,0.27228782918283573,1.370171022415161,0.17600210409106637,True,"(1, 2)",25,0.9,0.1,"{'tfidf__sublinear_tf': True, 'tfidf__ngram_range': (1, 2), 'tfidf__min_df': 25, 'tfidf__max_df': 0.9, 'clf__alpha': 0.1}",0.667828703053518,0.677093141439882,0.6572312537970928,0.6759583217702023,0.6774399871540722,0.6711102814429534,0.007781509471399769,58
8.60630006790161,0.09665579906756872,1.4071219921112061,0.08480465269583012,True,"(1, 2)",10,0.6,1.0,"{'tfidf__sublinear_tf': True, 'tfidf__ngram_range': (1, 2), 'tfidf__min_df': 10, 'tfidf__max_df': 0.6, 'clf__alpha': 1}",0.7199895825236593,0.7173919913366948,0.7038765165612588,0.7181592992275262,0.7384308374539887,0.7195696454206256,0.011035637355225536,15
16.953136587142943,0.2627008753959656,1.976795244216919,0.07653837866921209,True,"(1, 3)",10,0.9,100.0,"{'tfidf__sublinear_tf': True, 'tfidf__ngram_range': (1, 3), 'tfidf__min_df': 10, 'tfidf__max_df': 0.9, 'clf__alpha': 100}",0.2623333672477042,0.24309861841283148,0.2560988687209641,0.265981130771213,0.25401722982742286,0.2563058429960271,0.007869607511359511,96
16.45642008781433,0.1494433910573138,1.8591993808746339,0.04968904842193159,True,"(1, 3)",100,0.6,1.0,"{'tfidf__sublinear_tf': True, 'tfidf__ngram_range': (1, 3), 'tfidf__min_df': 100, 'tfidf__max_df': 0.6, 'clf__alpha': 1}",0.6963036654615857,0.6964391228300355,0.6663195998307305,0.7061745254890175,0.7042084094059105,0.693889064603456,0.014351514961426077,39
20.050953722000123,0.3102295627911538,2.1300137042999268,0.22234094803379564,True,"(1, 3)",5,0.7,0.1,"{'tfidf__sublinear_tf': True, 'tfidf__ngram_range': (1, 3), 'tfidf__min_df': 5, 'tfidf__max_df': 0.7, 'clf__alpha': 0.1}",0.7234335554059463,0.7251148803088612,0.7096069058012466,0.722312672757899,0.7311635287217376,0.7223263085991382,0.007055238913572075,8
9.131881380081177,0.28857521221145654,1.425802183151245,0.12205674214271785,True,"(1, 2)",5,0.9,0.5,"{'tfidf__sublinear_tf': True, 'tfidf__ngram_range': (1, 2), 'tfidf__min_df': 5, 'tfidf__max_df': 0.9, 'clf__alpha': 0.5}",0.7240891579766826,0.7154444765435859,0.7088041253050411,0.7184809924213542,0.7334795204013168,0.7200596545295961,0.008328369324956952,12
18.086663675308227,0.15842222738856512,2.1237700939178468,0.18861516614589172,True,"(1, 3)",5,0.6,0.5,"{'tfidf__sublinear_tf': True, 'tfidf__ngram_range': (1, 3), 'tfidf__min_df': 5, 'tfidf__max_df': 0.6, 'clf__alpha': 0.5}",0.7269625632841026,0.7265874835771584,0.7146203207877739,0.7197821063230293,0.7346240118239012,0.724515297159193,0.0068232372535608566,5
8.194540882110596,0.2882048368670294,1.245355987548828,0.06009285666076212,True,"(1, 2)",50,0.9,0.5,"{'tfidf__sublinear_tf': True, 'tfidf__ngram_range': (1, 2), 'tfidf__min_df': 50, 'tfidf__max_df': 0.9, 'clf__alpha': 0.5}",0.6963824151348577,0.695874378334765,0.6778354886200137,0.706437760915769,0.7148162045938217,0.6982692495198455,0.012388385182472435,34
18.364645051956177,0.25723514094195704,2.271250677108765,0.23674466631964597,True,"(1, 3)",5,0.9,0.5,"{'tfidf__sublinear_tf': True, 'tfidf__ngram_range': (1, 3), 'tfidf__min_df': 5, 'tfidf__max_df': 0.9, 'clf__alpha': 0.5}",0.7291353609134943,0.7265105340631319,0.7172721096746508,0.7228157061372643,0.7397969754421779,0.7271061372461438,0.007491939179392648,1
7.90200629234314,0.07930001339561661,1.2176159381866456,0.052035428820849924,True,"(1, 2)",25,0.5,5.0,"{'tfidf__sublinear_tf': True, 'tfidf__ngram_range': (1, 2), 'tfidf__min_df': 25, 'tfidf__max_df': 0.5, 'clf__alpha': 5}",0.6936659837593127,0.6944143708554433,0.6820363578048535,0.698432573413094,0.7124939672625322,0.6962086506190471,0.009805058378340928,37
7.48057861328125,0.07299616580426879,1.2470046043395997,0.04591722068514014,True,"(1, 2)",10,0.5,100.0,"{'tfidf__sublinear_tf': True, 'tfidf__ngram_range': (1, 2), 'tfidf__min_df': 10, 'tfidf__max_df': 0.5, 'clf__alpha': 100}",0.2546320354412397,0.23970261150712274,0.2501025957626106,0.2571045927109377,0.24928367578217553,0.2501651022408172,0.005972512908590218,98
16.977390480041503,0.1272804550770468,2.0015865325927735,0.13847049154039032,True,"(1, 3)",10,0.7,1.0,"{'tfidf__sublinear_tf': True, 'tfidf__ngram_range': (1, 3), 'tfidf__min_df': 10, 'tfidf__max_df': 0.7, 'clf__alpha': 1}",0.7230156868082963,0.7210488663592554,0.7078276456186632,0.7226175986968396,0.7372332457564326,0.7223486086478974,0.009323276978450921,7
7.44555697441101,0.1102337078571898,1.2098682403564454,0.06825400589745542,True,"(1, 2)",100,0.5,10.0,"{'tfidf__sublinear_tf': True, 'tfidf__ngram_range': (1, 2), 'tfidf__min_df': 100, 'tfidf__max_df': 0.5, 'clf__alpha': 10}",0.667558201385523,0.6612641140743951,0.6559336755053724,0.6700661573681586,0.680099133272899,0.6669842563212696,0.008205643035730084,63
15.290429830551147,0.2238506852028769,1.7777247428894043,0.06669238463698819,True,"(1, 3)",100,0.5,100.0,"{'tfidf__sublinear_tf': True, 'tfidf__ngram_range': (1, 3), 'tfidf__min_df': 100, 'tfidf__max_df': 0.5, 'clf__alpha': 100}",0.34188535855717045,0.33605344252503766,0.33690813046377743,0.3475856609166937,0.3356423489115636,0.3396149882748486,0.004571208908601375,87
7.029440402984619,0.08514282532180399,1.124520969390869,0.0435116766064277,True,"(1, 2)",100,0.6,100.0,"{'tfidf__sublinear_tf': True, 'tfidf__ngram_range': (1, 2), 'tfidf__min_df': 100, 'tfidf__max_df': 0.6, 'clf__alpha': 100}",0.3106001654948892,0.2981945880067847,0.30863642005106356,0.3169446438891332,0.3151785371365915,0.30991087091569247,0.006581685299093733,89
7.391921806335449,0.07609865665052969,1.1556217670440674,0.027425507289085632,True,"(1, 2)",50,0.5,10.0,"{'tfidf__sublinear_tf': True, 'tfidf__ngram_range': (1, 2), 'tfidf__min_df': 50, 'tfidf__max_df': 0.5, 'clf__alpha': 10}",0.6632910162143144,0.6599116917960914,0.6513784251239936,0.6683809204691618,0.6790568388859353,0.6644037784978993,0.009182665738732424,64
27.557921743392946,0.7640927822676806,2.1472024440765383,0.13274613582457817,True,"(1, 3)",10,0.9,0.001,"{'tfidf__sublinear_tf': True, 'tfidf__ngram_range': (1, 3), 'tfidf__min_df': 10, 'tfidf__max_df': 0.9, 'clf__alpha': 0.001}",0.694402247270366,0.6956762544402356,0.6895365969072,0.7014628748606263,0.7055873642100422,0.697333067537694,0.0056090714641753095,35
9.083932781219483,0.24026020897030398,1.4326960086822509,0.12040191168759423,True,"(1, 2)",100,0.8,0.1,"{'tfidf__sublinear_tf': True, 'tfidf__ngram_range': (1, 2), 'tfidf__min_df': 100, 'tfidf__max_df': 0.8, 'clf__alpha': 0.1}",0.6354871327223848,0.6227197425535925,0.6229082648646228,0.6421484261803639,0.6284227195528427,0.6303372571747614,0.0075220587805264775,75
17.05793342590332,1.7058574540579239,1.4756191730499268,0.10611334962067463,True,"(1, 2)",5,0.7,0.001,"{'tfidf__sublinear_tf': True, 'tfidf__ngram_range': (1, 2), 'tfidf__min_df': 5, 'tfidf__max_df': 0.7, 'clf__alpha': 0.001}",0.7159139247583811,0.710743902234206,0.7041561901327832,0.7186979020013802,0.724271040265735,0.714756591878497,0.006868307918912049,24
17.77778868675232,0.21928068165528214,2.0753338813781737,0.1561089545318656,True,"(1, 3)",10,0.6,0.5,"{'tfidf__sublinear_tf': True, 'tfidf__ngram_range': (1, 3), 'tfidf__min_df': 10, 'tfidf__max_df': 0.6, 'clf__alpha': 0.5}",0.7197188321186856,0.7194213734921455,0.7117051682969119,0.716340838147391,0.7324257103033436,0.7199223844716954,0.006884413092641493,13
9.285698461532593,0.24604766512024373,1.422581958770752,0.1061314307593401,True,"(1, 2)",5,0.8,0.5,"{'tfidf__sublinear_tf': True, 'tfidf__ngram_range': (1, 2), 'tfidf__min_df': 5, 'tfidf__max_df': 0.8, 'clf__alpha': 0.5}",0.7229568067568924,0.7155803175494875,0.7062995515423899,0.7177760524783425,0.7331226258137372,0.71914707082817,0.008825988863195553,17
9.237233972549438,0.2364954990836146,1.4118917465209961,0.14166209223348078,True,"(1, 2)",10,0.7,0.5,"{'tfidf__sublinear_tf': True, 'tfidf__ngram_range': (1, 2), 'tfidf__min_df': 10, 'tfidf__max_df': 0.7, 'clf__alpha': 0.5}",0.7176899659300232,0.7164720677162798,0.7046100144798577,0.7150794233393664,0.7313734806396204,0.7170449904210295,0.008538640950257982,21
30.784406995773317,1.1477553269586886,2.0220914840698243,0.20046420641509205,True,"(1, 3)",25,0.5,0.001,"{'tfidf__sublinear_tf': True, 'tfidf__ngram_range': (1, 3), 'tfidf__min_df': 25, 'tfidf__max_df': 0.5, 'clf__alpha': 0.001}",0.6137002219688708,0.6221120897598267,0.6141913013881446,0.6219754361340851,0.6167427456502225,0.6177443589802298,0.003659551276511404,79
19.200703573226928,0.21501251093543794,2.2197134017944338,0.2535083343694495,True,"(1, 3)",5,0.7,0.5,"{'tfidf__sublinear_tf': True, 'tfidf__ngram_range': (1, 3), 'tfidf__min_df': 5, 'tfidf__max_df': 0.7, 'clf__alpha': 0.5}",0.728510211722125,0.7258052677550632,0.7166416207646729,0.7185919049367382,0.7372029922277703,0.7253503994812739,0.007378283656806292,4
8.170588111877441,0.1536300436155096,1.3697341918945312,0.06050763409685172,True,"(1, 2)",5,0.8,5.0,"{'tfidf__sublinear_tf': True, 'tfidf__ngram_range': (1, 2), 'tfidf__min_df': 5, 'tfidf__max_df': 0.8, 'clf__alpha': 5}",0.6780883234552618,0.6659750583670917,0.6645423199213514,0.6659371434212393,0.6813112945496477,0.6711708279429185,0.007056988039029266,57
8.112558937072754,0.10488831532938951,1.2318819046020508,0.05882626497828041,True,"(1, 2)",100,0.7,1.0,"{'tfidf__sublinear_tf': True, 'tfidf__ngram_range': (1, 2), 'tfidf__min_df': 100, 'tfidf__max_df': 0.7, 'clf__alpha': 1}",0.6967323646989337,0.6946185288093275,0.6587097580300529,0.7055211003563879,0.7040111973249216,0.6919185898439248,0.017114602286613458,40
15.432225322723388,0.17986837323855218,1.7638254165649414,0.04971914136772386,True,"(1, 3)",100,0.9,100.0,"{'tfidf__sublinear_tf': True, 'tfidf__ngram_range': (1, 3), 'tfidf__min_df': 100, 'tfidf__max_df': 0.9, 'clf__alpha': 100}",0.33986742773054546,0.3323861697313786,0.33156131353031315,0.34787142591800657,0.3331312126438527,0.33696350991081925,0.006200607091533074,88
15.378087997436523,0.07007831244533726,1.7749090194702148,0.04508826267280019,True,"(1, 3)",100,0.7,10.0,"{'tfidf__sublinear_tf': True, 'tfidf__ngram_range': (1, 3), 'tfidf__min_df': 100, 'tfidf__max_df': 0.7, 'clf__alpha': 10}",0.671900019362993,0.660369790557138,0.6565964820443909,0.6676445060995425,0.6817167521999703,0.667645510052807,0.008844408630913752,62
7.687598514556885,0.1831150106192938,1.1933805465698242,0.038907276995043906,True,"(1, 2)",100,0.8,0.5,"{'tfidf__sublinear_tf': True, 'tfidf__ngram_range': (1, 2), 'tfidf__min_df': 100, 'tfidf__max_df': 0.8, 'clf__alpha': 0.5}",0.6752589823081456,0.6849079664181486,0.6576595058028026,0.6963231883630533,0.694203620073548,0.6816706525931396,0.014141407038804532,48
20.00401120185852,0.880241398789131,1.3878767967224122,0.1770037062890842,True,"(1, 2)",25,0.5,0.001,"{'tfidf__sublinear_tf': True, 'tfidf__ngram_range': (1, 2), 'tfidf__min_df': 25, 'tfidf__max_df': 0.5, 'clf__alpha': 0.001}",0.6025175842895409,0.6113804668758889,0.6074975861167543,0.62311109512805,0.612831681731676,0.611467682828382,0.006830857652817216,81
30.53316960334778,0.9500907595656942,2.0023841381073,0.15077960329922138,True,"(1, 3)",25,0.7,0.001,"{'tfidf__sublinear_tf': True, 'tfidf__ngram_range': (1, 3), 'tfidf__min_df': 25, 'tfidf__max_df': 0.7, 'clf__alpha': 0.001}",0.6143618436316434,0.6204397498214765,0.6110434515328812,0.6251052168727347,0.6204878811162469,0.6182876285949965,0.004976788839025715,78
8.63560700416565,0.20834645621465286,1.3770464420318604,0.09400003701176476,True,"(1, 2)",10,0.7,1.0,"{'tfidf__sublinear_tf': True, 'tfidf__ngram_range': (1, 2), 'tfidf__min_df': 10, 'tfidf__max_df': 0.7, 'clf__alpha': 1}",0.7210589269134732,0.7174782480803996,0.7055123520252833,0.7189356256897185,0.7381114873962591,0.7202193280210267,0.010452663270809034,11
38.30238862037659,0.8165679364066962,2.0971560001373293,0.13313616806264966,True,"(1, 3)",50,0.7,0.001,"{'tfidf__sublinear_tf': True, 'tfidf__ngram_range': (1, 3), 'tfidf__min_df': 50, 'tfidf__max_df': 0.7, 'clf__alpha': 0.001}",0.43721220060961796,0.4242380765007338,0.4347269800712878,0.44400932836158535,0.45144010116377264,0.43832533734139956,0.009131735327462585,86
19.374745893478394,0.24139563822949148,1.9816691398620605,0.19797807676290183,True,"(1, 3)",50,0.9,0.1,"{'tfidf__sublinear_tf': True, 'tfidf__ngram_range': (1, 3), 'tfidf__min_df': 50, 'tfidf__max_df': 0.9, 'clf__alpha': 0.1}",0.6324532986479264,0.6421335611538282,0.6324162829034976,0.6543397032303399,0.6514596136063098,0.6425604919083804,0.00919985639203166,66
17.253759241104127,0.22860224625281547,2.0572187900543213,0.1306256583006757,True,"(1, 3)",5,0.5,5.0,"{'tfidf__sublinear_tf': True, 'tfidf__ngram_range': (1, 3), 'tfidf__min_df': 5, 'tfidf__max_df': 0.5, 'clf__alpha': 5}",0.6889513020433611,0.6719746098051465,0.6634794782723705,0.6721108003445143,0.6832467364836128,0.675952585389801,0.00903696052960382,52
16.20504994392395,0.0915398429486076,1.8582727909088135,0.0936209563007217,True,"(1, 3)",25,0.8,5.0,"{'tfidf__sublinear_tf': True, 'tfidf__ngram_range': (1, 3), 'tfidf__min_df': 25, 'tfidf__max_df': 0.8, 'clf__alpha': 5}",0.6979453392156258,0.6947538332835861,0.6830652543428639,0.6943500802119924,0.7152728708554543,0.6970774755819045,0.0104019799993427,36
19.070385265350343,0.13014190191069755,1.9518506526947021,0.1565652986280571,True,"(1, 3)",25,0.9,0.1,"{'tfidf__sublinear_tf': True, 'tfidf__ngram_range': (1, 3), 'tfidf__min_df': 25, 'tfidf__max_df': 0.9, 'clf__alpha': 0.1}",0.6724212403264047,0.6823446539082433,0.6595742854107483,0.67721340598093,0.6809833487699033,0.6745073868792458,0.008222322095127552,54
6.933603239059448,0.05953244453940841,1.1169752597808837,0.022903201545822104,True,"(1, 2)",100,0.7,100.0,"{'tfidf__sublinear_tf': True, 'tfidf__ngram_range': (1, 2), 'tfidf__min_df': 100, 'tfidf__max_df': 0.7, 'clf__alpha': 100}",0.31104509695631855,0.2964588022317819,0.30766883598825423,0.3173929221087127,0.31487798691629804,0.3094887288402731,0.007307990872503683,90
10.565811491012573,0.21681227963763397,1.3505894184112548,0.14903907958103924,True,"(1, 2)",10,0.7,0.1,"{'tfidf__sublinear_tf': True, 'tfidf__ngram_range': (1, 2), 'tfidf__min_df': 10, 'tfidf__max_df': 0.7, 'clf__alpha': 0.1}",0.705224085880826,0.7024803339345803,0.6964006501504815,0.7076179381397962,0.7101198514638801,0.7043685719139128,0.004720608464469894,30
7.452777624130249,0.09884015581186445,1.206125259399414,0.05150276759245979,True,"(1, 2)",25,0.5,10.0,"{'tfidf__sublinear_tf': True, 'tfidf__ngram_range': (1, 2), 'tfidf__min_df': 25, 'tfidf__max_df': 0.5, 'clf__alpha': 10}",0.6521282918980342,0.6531531297281814,0.6467572001026239,0.652189364789054,0.6660713669445552,0.6540598706924897,0.006413376772150619,65
15.699283695220947,0.18399614664247926,1.788816213607788,0.05415106972377956,True,"(1, 3)",50,0.7,100.0,"{'tfidf__sublinear_tf': True, 'tfidf__ngram_range': (1, 3), 'tfidf__min_df': 50, 'tfidf__max_df': 0.7, 'clf__alpha': 100}",0.30999339192715325,0.28965771374414084,0.30016314160786256,0.3128586544106363,0.31325201372295364,0.3051849830825494,0.009092832292811256,92
16.35971598625183,0.07133650375105692,1.9639657497406007,0.07928587008136367,True,"(1, 3)",100,0.8,0.5,"{'tfidf__sublinear_tf': True, 'tfidf__ngram_range': (1, 3), 'tfidf__min_df': 100, 'tfidf__max_df': 0.8, 'clf__alpha': 0.5}",0.6771426000653167,0.6868949466419978,0.6569819390689439,0.6980897761027932,0.6906875908761154,0.6819593705510334,0.014197218643182666,47
7.903987693786621,0.14963836548011847,1.3059789180755614,0.0624644832276013,True,"(1, 2)",10,0.6,5.0,"{'tfidf__sublinear_tf': True, 'tfidf__ngram_range': (1, 2), 'tfidf__min_df': 10, 'tfidf__max_df': 0.6, 'clf__alpha': 5}",0.6884225672921621,0.6858110601132483,0.6743603582252202,0.6872551807631775,0.7025710087208941,0.6876840350229404,0.008981978960060035,45
10.109102582931518,0.22992491926607836,1.3406030178070067,0.1301105905773789,True,"(1, 2)",50,0.7,0.1,"{'tfidf__sublinear_tf': True, 'tfidf__ngram_range': (1, 2), 'tfidf__min_df': 50, 'tfidf__max_df': 0.7, 'clf__alpha': 0.1}",0.631741293482653,0.6382104782301122,0.630386063314138,0.6522400244641885,0.6476503365493296,0.6400456392080842,0.00862753537946618,69
17.077215051651002,0.07286844798680603,2.075691986083984,0.11078176592117542,True,"(1, 3)",5,0.7,5.0,"{'tfidf__sublinear_tf': True, 'tfidf__ngram_range': (1, 3), 'tfidf__min_df': 5, 'tfidf__max_df': 0.7, 'clf__alpha': 5}",0.6869589741321552,0.671592331617696,0.6657402895686249,0.6726313075194655,0.6848780980111964,0.6763602001698276,0.00817689800898087,51
19.700729417800904,0.3790589786508892,2.3945199966430666,0.1804356090332772,True,"(1, 3)",5,0.5,10.0,"{'tfidf__sublinear_tf': True, 'tfidf__ngram_range': (1, 3), 'tfidf__min_df': 5, 'tfidf__max_df': 0.5, 'clf__alpha': 10}",0.6139376366630264,0.6136746993505929,0.6204894255425523,0.6134017379791606,0.6315524043147925,0.618611180770025,0.0069907399862520975,77
17.720448398590086,0.09549864585559918,2.0439467906951903,0.10849329303982956,True,"(1, 3)",10,0.5,5.0,"{'tfidf__sublinear_tf': True, 'tfidf__ngram_range': (1, 3), 'tfidf__min_df': 10, 'tfidf__max_df': 0.5, 'clf__alpha': 5}",0.6961767815256701,0.686270022368486,0.6773358782595729,0.6919379396491082,0.702364237071725,0.6908169717749124,0.008552638150280886,43
18.177046632766725,0.1476491289735316,2.1328505992889406,0.14803152900738548,True,"(1, 3)",5,0.8,1.0,"{'tfidf__sublinear_tf': True, 'tfidf__ngram_range': (1, 3), 'tfidf__min_df': 5, 'tfidf__max_df': 0.8, 'clf__alpha': 1}",0.7315830096304111,0.7201232884405225,0.7108219916405978,0.7250697661743228,0.740515426104497,0.7256226963980701,0.01006904973639564,3
26.41922821998596,1.5306661780943598,2.23219313621521,0.1607840906844427,True,"(1, 3)",5,0.5,0.001,"{'tfidf__sublinear_tf': True, 'tfidf__ngram_range': (1, 3), 'tfidf__min_df': 5, 'tfidf__max_df': 0.5, 'clf__alpha': 0.001}",0.7176191488710232,0.717567743448221,0.707286199942101,0.7143771119149104,0.7238658682684107,0.7161432144889333,0.005392826187418454,22
15.346785688400269,0.22925613974821685,1.8495238304138184,0.04490893188570611,True,"(1, 3)",25,0.9,100.0,"{'tfidf__sublinear_tf': True, 'tfidf__ngram_range': (1, 3), 'tfidf__min_df': 25, 'tfidf__max_df': 0.9, 'clf__alpha': 100}",0.28770258518459957,0.2644204935037203,0.2741181699434656,0.2913705877573978,0.28773351028300487,0.28106906933443765,0.010198329932341252,94
17.003732204437256,0.1654323235557681,2.143468904495239,0.13549013464024195,True,"(1, 3)",5,0.6,5.0,"{'tfidf__sublinear_tf': True, 'tfidf__ngram_range': (1, 3), 'tfidf__min_df': 5, 'tfidf__max_df': 0.6, 'clf__alpha': 5}",0.6876510452955263,0.671193636908328,0.6654953351680126,0.6703239742321547,0.6845699179801865,0.6758467819168417,0.00865724378401255,53
28.245848083496092,0.18588961772932913,1.9491733074188233,0.14746763166824656,True,"(1, 3)",100,0.6,0.001,"{'tfidf__sublinear_tf': True, 'tfidf__ngram_range': (1, 3), 'tfidf__min_df': 100, 'tfidf__max_df': 0.6, 'clf__alpha': 0.001}",0.5502836131077513,0.5300572723066248,0.5324663961463318,0.5351145464602072,0.5413265182961566,0.5378496692634144,0.007264618575734256,84
19.19174132347107,0.14840193326907036,2.0394825458526613,0.17129978341809002,True,"(1, 3)",10,0.7,0.1,"{'tfidf__sublinear_tf': True, 'tfidf__ngram_range': (1, 3), 'tfidf__min_df': 10, 'tfidf__max_df': 0.7, 'clf__alpha': 0.1}",0.7055066590471256,0.7122042564639994,0.6995022382127681,0.714679822163984,0.718983018910247,0.7101751989596248,0.006894835065038595,26
8.140311002731323,0.16200231364830414,1.3804067611694335,0.0779472111188925,True,"(1, 2)",5,0.6,5.0,"{'tfidf__sublinear_tf': True, 'tfidf__ngram_range': (1, 2), 'tfidf__min_df': 5, 'tfidf__max_df': 0.6, 'clf__alpha': 5}",0.6797969479357321,0.6666825930750919,0.6653030465268801,0.6642070642718079,0.680484905852297,0.6712949115323618,0.007268481618451078,56
17.255180263519286,0.16056575840797288,1.9795111179351808,0.13590484794133947,True,"(1, 3)",100,0.5,0.1,"{'tfidf__sublinear_tf': True, 'tfidf__ngram_range': (1, 3), 'tfidf__min_df': 100, 'tfidf__max_df': 0.5, 'clf__alpha': 0.1}",0.6323953110985052,0.6256623654639879,0.6173893492430909,0.6392799022990131,0.6288318979279626,0.628711765206512,0.007249336602110855,76
7.702896308898926,0.1594345253587516,1.2703346729278564,0.08561585835148729,True,"(1, 2)",100,0.8,5.0,"{'tfidf__sublinear_tf': True, 'tfidf__ngram_range': (1, 2), 'tfidf__min_df': 100, 'tfidf__max_df': 0.8, 'clf__alpha': 5}",0.6943646258885743,0.6821858049653088,0.6706833705591235,0.6965308169583038,0.707111278072303,0.6901751792887227,0.012558166622864185,44
16.029604053497316,0.22049618408242905,1.8348968505859375,0.043895764883773565,True,"(1, 3)",50,0.9,10.0,"{'tfidf__sublinear_tf': True, 'tfidf__ngram_range': (1, 3), 'tfidf__min_df': 50, 'tfidf__max_df': 0.9, 'clf__alpha': 10}",0.6741998913194325,0.6644423241024544,0.6561395388683391,0.6671895406819303,0.6874191889417777,0.6698780967827868,0.010506110167474223,59
17.188678312301636,0.6696312558050598,1.374614381790161,0.0596035012617283,True,"(1, 2)",10,0.5,0.001,"{'tfidf__sublinear_tf': True, 'tfidf__ngram_range': (1, 2), 'tfidf__min_df': 10, 'tfidf__max_df': 0.5, 'clf__alpha': 0.001}",0.6935449711020816,0.6889283558408765,0.6860059484703647,0.694218460656636,0.6944857650990881,0.6914367002338094,0.003384217781597459,42
17.825658750534057,0.16485947240743257,2.1632513999938965,0.15041204449870252,True,"(1, 3)",5,0.8,10.0,"{'tfidf__sublinear_tf': True, 'tfidf__ngram_range': (1, 3), 'tfidf__min_df': 5, 'tfidf__max_df': 0.8, 'clf__alpha': 10}",0.6132974295901399,0.6128862722325514,0.6185786404744968,0.6124115545036759,0.6304992940706408,0.6175346381743009,0.006855355164010731,80
8.131654214859008,0.14690949653924829,1.3011373043060304,0.061223295867327644,True,"(1, 2)",50,0.5,1.0,"{'tfidf__sublinear_tf': True, 'tfidf__ngram_range': (1, 2), 'tfidf__min_df': 50, 'tfidf__max_df': 0.5, 'clf__alpha': 1}",0.7124681081659723,0.7142920577136114,0.6844350928238571,0.722640598258956,0.7233626053306613,0.7114396924586116,0.01418490867049301,25
7.155991268157959,0.02728195605048559,1.2192854404449462,0.018720197091147448,True,"(1, 2)",100,0.9,100.0,"{'tfidf__sublinear_tf': True, 'tfidf__ngram_range': (1, 2), 'tfidf__min_df': 100, 'tfidf__max_df': 0.9, 'clf__alpha': 100}",0.30816397766952336,0.2978060941924511,0.3075233545691733,0.31618503254868685,0.3144125762963979,0.3088182070552465,0.006464338694869285,91
10.99635100364685,0.152840111739199,1.3987528324127196,0.11056109207354463,True,"(1, 2)",5,0.8,0.1,"{'tfidf__sublinear_tf': True, 'tfidf__ngram_range': (1, 2), 'tfidf__min_df': 5, 'tfidf__max_df': 0.8, 'clf__alpha': 0.1}",0.7162733125693831,0.721713515857152,0.7040172366926285,0.7184396673911009,0.7292189676017926,0.7179325400224114,0.008225875107687124,20
18.31004309654236,0.18594038704782803,1.2888685703277587,0.09478887771259699,True,"(1, 2)",100,0.9,0.001,"{'tfidf__sublinear_tf': True, 'tfidf__ngram_range': (1, 2), 'tfidf__min_df': 100, 'tfidf__max_df': 0.9, 'clf__alpha': 0.001}",0.5471980873590481,0.5393238758551456,0.5272957208919478,0.5459505929930838,0.5371799143832068,0.5393896382964863,0.0071437811550024,83
18.287222337722778,0.20736755961179174,2.209458923339844,0.14379331366925807,True,"(1, 3)",5,0.9,1.0,"{'tfidf__sublinear_tf': True, 'tfidf__ngram_range': (1, 3), 'tfidf__min_df': 5, 'tfidf__max_df': 0.9, 'clf__alpha': 1}",0.7302443514670605,0.7218958015239767,0.7094023504836885,0.7240294650060293,0.7441676103330344,0.7259479157627579,0.011351409106445247,2
16.568523788452147,0.053645867456311,1.8863005638122559,0.06428302192092376,True,"(1, 3)",50,0.9,5.0,"{'tfidf__sublinear_tf': True, 'tfidf__ngram_range': (1, 3), 'tfidf__min_df': 50, 'tfidf__max_df': 0.9, 'clf__alpha': 5}",0.7042685059995035,0.6972740742784389,0.6846246781675965,0.7006241977715851,0.7160194187706151,0.7005621749975479,0.010173323281251782,32
8.918822479248046,0.14079036098412923,1.3580964088439942,0.08644407574440481,True,"(1, 2)",10,0.9,0.5,"{'tfidf__sublinear_tf': True, 'tfidf__ngram_range': (1, 2), 'tfidf__min_df': 10, 'tfidf__max_df': 0.9, 'clf__alpha': 0.5}",0.7202871288036311,0.7180523089886479,0.7061498338100971,0.7178022510361003,0.7315895586553866,0.7187762162587725,0.008091511401734666,18
7.686828756332398,0.06879459782287892,1.2956144332885742,0.05937047408571045,True,"(1, 2)",10,0.9,10.0,"{'tfidf__sublinear_tf': True, 'tfidf__ngram_range': (1, 2), 'tfidf__min_df': 10, 'tfidf__max_df': 0.9, 'clf__alpha': 10}",0.6335247586579937,0.6305332845686887,0.6311473471676292,0.6299346920933938,0.6469181727445514,0.6344116510464514,0.006370874836476389,70
18.072643852233888,0.2939444324526327,2.116458368301392,0.16497898184294538,True,"(1, 3)",5,0.5,1.0,"{'tfidf__sublinear_tf': True, 'tfidf__ngram_range': (1, 3), 'tfidf__min_df': 5, 'tfidf__max_df': 0.5, 'clf__alpha': 1}",0.7279165436754945,0.7223091946622708,0.7083555091160749,0.7229783658798911,0.7404839673065403,0.7244087161280544,0.010342900000881441,6
17.13441915512085,0.19740554704469174,1.9070512771606445,0.07141585773454724,True,"(1, 3)",100,0.6,0.5,"{'tfidf__sublinear_tf': True, 'tfidf__ngram_range': (1, 3), 'tfidf__min_df': 100, 'tfidf__max_df': 0.6, 'clf__alpha': 0.5}",0.6769508020389763,0.6853292505547737,0.6571082342146422,0.6944767176324771,0.6904407515669725,0.6808611512015683,0.01324090782527124,49
8.473440790176392,0.11541861246343847,1.342842435836792,0.10555790986526246,True,"(1, 2)",10,0.8,1.0,"{'tfidf__sublinear_tf': True, 'tfidf__ngram_range': (1, 2), 'tfidf__min_df': 10, 'tfidf__max_df': 0.8, 'clf__alpha': 1}",0.7209770398276121,0.7177786960533371,0.7064982751066,0.7195323945953142,0.7381917102621594,0.7205956231690045,0.01017416842228226,10
17.083325242996217,0.15045933051734028,2.1534629344940184,0.054575187646793935,True,"(1, 3)",50,0.5,0.5,"{'tfidf__sublinear_tf': True, 'tfidf__ngram_range': (1, 3), 'tfidf__min_df': 50, 'tfidf__max_df': 0.5, 'clf__alpha': 0.5}",0.6922040751464327,0.7009970932612137,0.6769496014961113,0.707431444303806,0.7138483511505933,0.6982861130716314,0.012848405834940364,33
17.836040925979614,0.058488293221615674,1.986464834213257,0.08706486214577211,True,"(1, 3)",10,0.7,5.0,"{'tfidf__sublinear_tf': True, 'tfidf__ngram_range': (1, 3), 'tfidf__min_df': 10, 'tfidf__max_df': 0.7, 'clf__alpha': 5}",0.6990648854270803,0.6870281720996843,0.6801297658098976,0.6888865785939412,0.7030384840418552,0.6916295771944918,0.008323335821842111,41
20.053302001953124,0.9246522319636271,3.001875114440918,0.823878623157199,True,"(1, 3)",100,0.5,0.5,"{'tfidf__sublinear_tf': True, 'tfidf__ngram_range': (1, 3), 'tfidf__min_df': 100, 'tfidf__max_df': 0.5, 'clf__alpha': 0.5}",0.6774879239459668,0.6840786676873559,0.6535604855234552,0.694971600880783,0.6870507916242039,0.6794298939323531,0.014101286273103706,50
20.24443635940552,0.15319216664956103,1.8957571029663085,0.05413489963869794,True,"(1, 3)",50,0.8,10.0,"{'tfidf__sublinear_tf': True, 'tfidf__ngram_range': (1, 3), 'tfidf__min_df': 50, 'tfidf__max_df': 0.8, 'clf__alpha': 10}",0.6718699352758843,0.6620667152731169,0.6559459184226727,0.6676645371295361,0.6864585207688736,0.6688011253740168,0.010325712220961713,60
9.591100645065307,0.2022756492151279,1.4488025665283204,0.11410496172239981,True,"(1, 2)",5,0.7,0.5,"{'tfidf__sublinear_tf': True, 'tfidf__ngram_range': (1, 2), 'tfidf__min_df': 5, 'tfidf__max_df': 0.7, 'clf__alpha': 0.5}",0.7243683511022025,0.7147782075448779,0.7059597723654902,0.7169562595120185,0.7338652480746817,0.7191855677198541,0.00939862288275533,16
18.096406078338624,0.13173333843922272,2.0031357765197755,0.137515472523056,True,"(1, 3)",100,0.8,0.1,"{'tfidf__sublinear_tf': True, 'tfidf__ngram_range': (1, 3), 'tfidf__min_df': 100, 'tfidf__max_df': 0.8, 'clf__alpha': 0.1}",0.6349317472352592,0.6300391309710582,0.619750305027732,0.6404196096018275,0.6340846929465533,0.6318450971564861,0.006893634341734027,72
16.626149654388428,0.10153786875600074,1.8659905433654784,0.038517077578807006,True,"(1, 3)",50,0.7,10.0,"{'tfidf__sublinear_tf': True, 'tfidf__ngram_range': (1, 3), 'tfidf__min_df': 50, 'tfidf__max_df': 0.7, 'clf__alpha': 10}",0.6732430590248627,0.6598969865008302,0.6559631019098607,0.667094991062444,0.6860652228911451,0.6684526722778286,0.010622449526042087,61
8.798306655883788,0.1341306438447629,1.2824039936065674,0.04801668318024098,True,"(1, 2)",25,0.9,0.5,"{'tfidf__sublinear_tf': True, 'tfidf__ngram_range': (1, 2), 'tfidf__min_df': 25, 'tfidf__max_df': 0.9, 'clf__alpha': 0.5}",0.708614891143484,0.7072394326436807,0.6933538191756075,0.714058073214627,0.7255035485220511,0.70975395293989,0.01042266639515505,27
16.47280707359314,0.06884529877915925,1.8495060920715332,0.04272921394315258,True,"(1, 3)",10,0.5,10.0,"{'tfidf__sublinear_tf': True, 'tfidf__ngram_range': (1, 3), 'tfidf__min_df': 10, 'tfidf__max_df': 0.5, 'clf__alpha': 10}",0.6455739281660675,0.6408452100068119,0.6349114854998461,0.6384381278091258,0.6505193428278349,0.6420576188619371,0.005469973973238255,67
7.548214292526245,0.11335762223390836,1.265727663040161,0.04740826959378266,True,"(1, 2)",10,0.8,10.0,"{'tfidf__sublinear_tf': True, 'tfidf__ngram_range': (1, 2), 'tfidf__min_df': 10, 'tfidf__max_df': 0.8, 'clf__alpha': 10}",0.6336802103852002,0.6286912065623302,0.6301372325835344,0.629063186837171,0.6452513633248197,0.633364639938611,0.006199248569125561,71
8.033796119689942,0.11721342402889631,1.3479043006896974,0.06694748576374211,True,"(1, 2)",5,0.5,5.0,"{'tfidf__sublinear_tf': True, 'tfidf__ngram_range': (1, 2), 'tfidf__min_df': 5, 'tfidf__max_df': 0.5, 'clf__alpha': 5}",0.6788961340833122,0.6711185555615569,0.6658890607936322,0.667560123897966,0.6787209514392998,0.6724369651551534,0.005470030765795605,55
7.6456060886383055,0.07755239075944136,1.2981867790222168,0.04876469947456026,True,"(1, 2)",5,0.6,100.0,"{'tfidf__sublinear_tf': True, 'tfidf__ngram_range': (1, 2), 'tfidf__min_df': 5, 'tfidf__max_df': 0.6, 'clf__alpha': 100}",0.24483579299815744,0.23426599494886385,0.2351930912916414,0.23988984273644842,0.23914718389853246,0.23866638117472871,0.0037740379767040714,100
16.764657258987427,0.11873020163589683,1.8702136993408203,0.06326142554143978,True,"(1, 3)",10,0.6,100.0,"{'tfidf__sublinear_tf': True, 'tfidf__ngram_range': (1, 3), 'tfidf__min_df': 10, 'tfidf__max_df': 0.6, 'clf__alpha': 100}",0.26198368131590166,0.24345427515672577,0.2547658686547739,0.26453284896449947,0.2539642235810515,0.2557401795345905,0.007366669502812879,97
8.196668577194213,0.1877902337688737,1.2946057319641113,0.09035662012424554,True,"(1, 2)",25,0.6,1.0,"{'tfidf__sublinear_tf': True, 'tfidf__ngram_range': (1, 2), 'tfidf__min_df': 25, 'tfidf__max_df': 0.6, 'clf__alpha': 1}",0.7200238711814043,0.7122757028087288,0.7018670437749386,0.7136866157983883,0.7268035037624246,0.7149313474651768,0.008320573649947703,23
7.1890339851379395,0.047829067534541955,1.1812042236328124,0.0261249457298934,True,"(1, 2)",25,0.7,100.0,"{'tfidf__sublinear_tf': True, 'tfidf__ngram_range': (1, 2), 'tfidf__min_df': 25, 'tfidf__max_df': 0.7, 'clf__alpha': 100}",0.2683498903410202,0.2513464730514948,0.26563556358347995,0.27023248770758646,0.2707062448868749,0.26525413191409125,0.007178603592193876,95
7.94834623336792,0.07844616995911209,1.3301822185516357,0.056510220573814565,True,"(1, 2)",5,0.7,10.0,"{'tfidf__sublinear_tf': True, 'tfidf__ngram_range': (1, 2), 'tfidf__min_df': 5, 'tfidf__max_df': 0.7, 'clf__alpha': 10}",0.60907338395275,0.6067006714003136,0.6102926765172134,0.6067444247442999,0.6229315367750418,0.6111485386779237,0.0060507446514922155,82
7.839779663085937,0.12209775885677018,1.3157155513763428,0.04073179363288531,True,"(1, 2)",10,0.5,5.0,"{'tfidf__sublinear_tf': True, 'tfidf__ngram_range': (1, 2), 'tfidf__min_df': 10, 'tfidf__max_df': 0.5, 'clf__alpha': 5}",0.685619565269657,0.6867583742791317,0.6734029564291752,0.6881270071220241,0.6991911953229957,0.6866198196845967,0.008197759205978828,46
7.652288198471069,0.05434803948878434,1.3116489887237548,0.03658461556199735,True,"(1, 2)",5,0.8,100.0,"{'tfidf__sublinear_tf': True, 'tfidf__ngram_range': (1, 2), 'tfidf__min_df': 5, 'tfidf__max_df': 0.8, 'clf__alpha': 100}",0.24456874067220885,0.2347484216501859,0.2342766527938739,0.24087280606262054,0.2391304347826087,0.23871941119229959,0.0038607658658408434,99
9.279682779312134,0.18059438949866394,1.4253955841064454,0.11487283751677461,True,"(1, 2)",5,0.6,1.0,"{'tfidf__sublinear_tf': True, 'tfidf__ngram_range': (1, 2), 'tfidf__min_df': 5, 'tfidf__max_df': 0.6, 'clf__alpha': 1}",0.7259596380262756,0.7183782002389738,0.7048899049598678,0.7199649125859733,0.7361944271229848,0.7210774165868151,0.010226622711838834,9
25.855105876922607,1.7004179621092863,2.1817017078399656,0.17505788345356496,True,"(1, 3)",5,0.6,0.001,"{'tfidf__sublinear_tf': True, 'tfidf__ngram_range': (1, 3), 'tfidf__min_df': 5, 'tfidf__max_df': 0.6, 'clf__alpha': 0.001}",0.722218935613495,0.7189887489353888,0.7085016763765969,0.7178940381423118,0.7262131437055336,0.7187633085546652,0.0058915015321707575,19
9.09948468208313,0.21358919793103093,1.2333359718322754,0.09948281272898145,True,"(1, 2)",100,0.9,0.1,"{'tfidf__sublinear_tf': True, 'tfidf__ngram_range': (1, 2), 'tfidf__min_df': 100, 'tfidf__max_df': 0.9, 'clf__alpha': 0.1}",0.6324048812807376,0.6278292949252812,0.6236833469518344,0.6432679529784887,0.6293167077869309,0.6313004367846545,0.006609770125506139,73
15.773834848403931,0.39573491541409633,1.86598801612854,0.05696188921985077,True,"(1, 3)",25,0.5,100.0,"{'tfidf__sublinear_tf': True, 'tfidf__ngram_range': (1, 3), 'tfidf__min_df': 25, 'tfidf__max_df': 0.5, 'clf__alpha': 100}",0.289581004336667,0.26572641517666257,0.27614038660773,0.29256460457712796,0.28950811284594774,0.28270410470882706,0.010219002593554703,93
18.430161905288696,0.24342101178492975,1.9926815986633302,0.1912819261445877,True,"(1, 3)",50,0.5,0.1,"{'tfidf__sublinear_tf': True, 'tfidf__ngram_range': (1, 3), 'tfidf__min_df': 50, 'tfidf__max_df': 0.5, 'clf__alpha': 0.1}",0.6319268069456219,0.6396433492928912,0.6316006552143674,0.6532428012370409,0.6452058927456026,0.6403239010871048,0.008219503427329737,68
16.843234634399415,0.23263527023622582,1.8980220317840577,0.09384328444286463,True,"(1, 3)",50,0.6,0.5,"{'tfidf__sublinear_tf': True, 'tfidf__ngram_range': (1, 3), 'tfidf__min_df': 50, 'tfidf__max_df': 0.6, 'clf__alpha': 0.5}",0.6955117349528394,0.7025935176678744,0.6786645395716172,0.7074836233988318,0.7193353476086288,0.7007177526399584,0.013485971754229975,31
8.840206336975097,0.23534897992926812,1.2509142398834228,0.07579290000245631,True,"(1, 2)",100,0.7,0.1,"{'tfidf__sublinear_tf': True, 'tfidf__ngram_range': (1, 2), 'tfidf__min_df': 100, 'tfidf__max_df': 0.7, 'clf__alpha': 0.1}",0.6355490355774422,0.6238378169153288,0.6208201204610508,0.6436355442231814,0.6295748478055574,0.6306834729965122,0.00820740675882843,74
17.48538112640381,0.23718315163817258,2.0157790184020996,0.1513705074905983,True,"(1, 3)",25,0.8,0.5,"{'tfidf__sublinear_tf': True, 'tfidf__ngram_range': (1, 3), 'tfidf__min_df': 25, 'tfidf__max_df': 0.8, 'clf__alpha': 0.5}",0.7063768000917117,0.7089273952077028,0.6967871411205439,0.7102159921106358,0.721979129493407,0.7088572916048002,0.008073103269668655,28
27.068800306320192,0.6742539668095883,2.0274452686309816,0.16527008303381566,True,"(1, 3)",10,0.5,0.001,"{'tfidf__sublinear_tf': True, 'tfidf__ngram_range': (1, 3), 'tfidf__min_df': 10, 'tfidf__max_df': 0.5, 'clf__alpha': 0.001}",0.693098319419742,0.6927710064488897,0.6839930135815884,0.6980385219046491,0.702937626164988,0.6941676975039714,0.006301006880983032,38
8.645829439163208,0.2040429591068873,1.1366705417633056,0.28132668754148177,True,"(1, 2)",25,0.8,0.5,"{'tfidf__sublinear_tf': True, 'tfidf__ngram_range': (1, 2), 'tfidf__min_df': 25, 'tfidf__max_df': 0.8, 'clf__alpha': 0.5}",0.7072443954800078,0.7082289197087772,0.6912076117109615,0.713780910515449,0.7224132475287138,0.7085750169887819,0.01021875780022409,29
